full_text,label
"Tpi tujuan awal dari makan siang gratis ini kan untuk perbaikan gizi dan pencegahan stunting? Pencegahan stunting ini jls g efektif krn prio nya di anak sekolah, lalu gmn kl misal anak itu ga suka lauknya/pnya alergi? Anak kecil kbnykn picky eater jd berkemungkinan besar g dimkn",N
BI Dukung Program Makan Siang Gratis Asalkan Tak Ganggu Stabilitas Keuangan,P
"La iya dana bos aja dikorup, apalagi ada proyek makan siang gratis Sama aja kalau sdm sekolahnya sudah korup ya selamanya korup, korupnya tetep sama cuma beda proyek, kalau dulu korupnya proyek beli buku kalau skrng proyek beli susu",N
Ya di gaji sama makan siang gratis lah,N
"Sama kek stunting, solusinya makan siang gratis tanpa menyelesaikan akar permasalahannya (ditambah alurnya yang ga jelas)",N
"Gak baca programnya apa gimana ya? Targetnya aja makan siang gratis buat anak sekolah, yg putus sekolah ya otomatis gak dapet dong",P
"PKS: Kalau Dana BOS Dipakai Makan Siang Gratis, Terus Guru Honorer Mau Digaji Pakai Apa?",N
Bank Indonesia dukung Program Makan Siang Gratis,P
makan siang gratis receh sampe harus pakai dana bos -_-,N
Buat Gemoy Lover ndak sampai mikir ke situ bang.asal di imingi makan siang gratis aja udah bahagia koq,N
lah lu ngetweet pake internet apa ngga? katanya mau makan siang gratis?,N
Anggaran Makan Siang Gratis Dihitung Usai KPU Umumkan Pemenang Pilpres,N
"Pdhl yg dibicarakan ktka acara dialog capres dg kadin bkn hny itu. tp yg Anda ambil cm hilirisasi &amp  makan siang gratis. Ketahanan pangan, kesejahteraan petani, gagasan soal ekonomi makro dan mikro gak Anda singgung? Sudah saya bilang, jgn sampe kebencian membunuh rasionalitas.",P
Menaikkan pajak 12% jadi akal2an demi menambal kelebihan pengeluaran. Makanya makan siang gratis itu cuma PEMBODOHAN RAKYAT. SAYANGNYA MEMANG MASIH BANYAK RAKYAT YG GOBLOK2. TERUTAMA PENDUKUNGNYA JOKOWI,N
Program ngdabrus ya itulah program makan siang gratis. Ngajarin rakyat jadi pengemis,N
"Ibu Retno Marsudi rasanya msh takut,wlpun di LN pst tau Bu.... dan Ibu Sri Mulyani terlihat bingung.  Penggunaan APBN bgsnya untuk dinikmati rakyat Indonesia seluruhnya tp kl dipaksakan tuk makan siang gratis saya yakin tdk akan bertahan lama.",N
Laaah si pekok. Dana makan siang gratis tau ga uang nya dari mana. Jangan iya iya aja. Itu makan gratis ngambil dana BOS  yang pasti sangat berpengaruh untuk pendidikan. Dana bos lebih efektif.,N
"Udah guru honorer digaji gak layak trs dipotong buat makan siang gratis pula : Nanti yg ada uang komite naik drastis""",N
makan siang gratis lebih penting kata sailen mayoriti,N
Butuhnta makan siang gratis sama joget2,N
"Saya yakin tim think-tank   bukan orang sembarangan untuk program makan siang gratis.  Tentunya hal yang perlu diperhatikan adalah biaya masak dan biaya lain-lain.   Biaya lain-lain ini termasuk biaya transportasi, akomodasi, monitoring &amp  evaluasi.  Demikian.",P
Digaji pake makan siang gratis juga kali bu,N
Belom dilantik aja anggaran makan siang gratis udah disiapin sama yang sekarang ngejabat.,N
"Wkwkwkw jadi keinget diskusi ama temen gua, dia seumuran sama gua umur 20-an. Tiap ditanya kenapa pilih 02 jawabannya pasti ya bisa nerusin IKN dan bisa dpet makan gratis"", cuyy lu tuh gk dpt makan siang anjritt dan IKN gk semurah itu",N
"Makan siang gratis, kalau yang kelola sekolah, ada biaya masaknya &amp  biaya lain-lain     Biaya-biaya ini apa sudah include dalam 15rb atau di luar 15rb.  Ini masih misteri.  Ehem.",N
Kepala BKKBN sarankan program makan siang gratis juga sasar ibu hamil,P
"Makan siang gratis yang gak gratis  Intinya mereka yg bikin janji manis sampai mulut berbusa, ujung nya rakyat juga yg dikondisikan utk gotong royong nanggung programnya.. sementara itu, fee proyek akan tetap bocor 15% ke tangan elit",N
58% rakyat Indonesia kena prank. Habis makan bansos dan makan siang gratis disuruh makan tainya sendiri.,N
nan,P
"Lagian mau makan siang gratis tapi ga mau kena pajak tinggi  Kalau mau meniru negara lain, tuh Finlandia pajak 56%",P
"makannya kemaren pilih presiden yg punya kebijakan pendidikan gratis bukan makan siang gratis, ngapain nuntut ke muhammadiyah tolol",N
"Dan saya yakin akan terpilih, karena masih ada trah jokowinya, itulah kenapa program pendidikan harus d kurangi dan d gantikan program makan siang gratis, supaya kebodohan rakyat Indonesia itu selalu Istiqomah, supaya gampang d bodohin terus oleh politisi berkedok demokratis",P
Kalau menurut saya makan siang gratis dikasih dalam bentuk transfer  .  Menunya biar siswa yang pilih sendiri.   Model ini pernah dijalankan Kemensos u/ anak jalanan.  Catatan: model ini rentan uangnya dipakai ortu krn rekening murid yg kuasai ortu.,P
Yang dibutuhkan saat ini makan siang gratis,P
Dia makan jg bayar sendiri kalee..GK kyk lu nyari mkn siang gratisan..ntar diblng kok internetan gk mkn gratis sakit hati diblng 03  tukang bully...mbok kalo bego jgn diliatin dimedsos ..emg dodolnya unlimited pendukung 02 nie...gw sj yg BKN pendukung Ganjar GK gtu amat gobloknya,N
B*d*h si pemuja makan siang gratis..,N
"Yang penting makan siang gratis, bodo amat mau pajak naik, harga sembako naik, harga bbm naik..tetap ALL IN",P
"Iya deh si paling banyak isi kepalanya, kalo dibongkar otak lu isinya pasti full siomay hasil makan siang gratis",N
Saya mencoba berpikir positif. Bahwasanya makan siang gratis dengan budget Rp. 15.000/kepala adalah menu vegetarian.   Barangkali rakyat mau diarahkan menjadi lebih sehat di bawah pemerintahan    Barangkali.,P
Pada kemana nih gerombolan makan siang gratis si paling silent majority?,N
"Makan itu kebutuhan dasar manusia ya ajg. Yg diributin tuh makan siang gratis, bukan makannya. Emang lolot pendukung 02 ini.",N
"Bagus juga kalau Pemerintah sanggup beri makan gratis seluruh Rakyat setiap pagi, siang, dan malam.",P
"Emang yg gratis itu enak, makan siang gratis contohnya",P
"Emang bener masyarakat Indonesia udah cerdas, kecuali lo dan gerombolan lo yg ngotot jadi orang bego. Mau d kasi pendidikan murah tapi lebih pilih makan siang gratis, apa namanya kl bukan bego?",N
"Tenang bang, orang BOTOL yg penting dapat JANJI makan siang gratis...",N
"Makan siang gratis, ada potensi gagal.",N
ga ngaruh tetap all in 02 yg penting makan siang gratis  oke gas oke gas subsidi lo gw rampas,P
Makan siang + susu Makan siang + susu dari pajak rakyat (Pajak rakyat APBN dana BOS),N
Mahasiswa Banten Kecam Makan Siang Gratis Gunakan APBD Pemkab Tangerang |,N
"Kami sudah final memutuskan anggaran 2024 dan tidak ada anggaran untuk program makan siang gratis. Mau diambil dari mana lagi dana BOS? Kalau mau mengambil dari situ, terus guru honorer mau digaji pakai apa? Sudah tidak realistis,""  ~  ~""",N
Makan siang Gratis tapi otaknya jadi tahi,N
"Gua ogah, sorry Yee... Untuk makan siang, tanpa ada program makan siang gratis dari dulu juga, gak ada rakyat yang koar koar makan siang gratis, yang dibutuhkan sandang pangan murah, pendidikan murah !! Ini gagasan yang paling logis dari program 02 yang menurut ente logis",N
Bang lu gatau kah kl BPJS yg punya pemerintah aja diutangin sama Muhammadiyah? Lagian kl minta kesejahteraan pendidikan kesehatan sma pemerintah lah  itu tanggung jwb pemerintah malah minta ke Muhammadiyah kocak lo. Noh kl mau gratis antri makan siang gratis smbil joget oke gas,N
"Following 195, follower 45. Hebat dong punya ordal. Wkwkwkwkwk, antum keknya selain emang mudah dikibulin pasti manut2 aja dikasih makan siang gratis",N
Mending makan siang gratis lah. Oke gas oke gas,P
"Belum dilantik, sudah mulai, jangan heran jika nanti pajak2 yg lain juga dinaikkan utk makan siang gratis ..... tinhhal tunggu waktu negara ini akan kolaps spt thn 1998......",N
apa sih fungsi dari makan siang gratis itu ? bkn kah itu suatu penghinaan kepada rakyat miskin ? padahal anak anak yg tdk sekolah atau putus sekolah msh sgt banyak yg membutuhkan uluran tangan pemerintah untuk bisa mendapatkan kesehatan dan pendidikan gratis sampai kuliah (PKBM),N
"Sebenernya program ini itu untuk apa? Kenapa ada program makan siang gratis? Makanan itu tuh ujungnya berakhir di TPA dan gak berguna sama sekali, menurut pandanganku. Mending uangnya buat  program beasiswa saja, atau tidak yang lebih bermanfaat.""",N
"Anak yg kelaparan ga sekolah bang, mereka dijalan cari duit. Jadi sasaran makan siang gratis utk murid tdk terjangkau oleh anak jalanan yg ga sekolah.  Tapi klo bahan pokok dimurahkan dari anggaran makan siang, bisa menjangkau seluruh lapisan masyarakat",N
"Gimana para pendukung 02 ? Senang toh PPN jadi 12% tahun depan ?  Dengan PPN naik otomatis semua harga kebutuhan yg kena PPN akan ikut naik pula  Lanjut berikutnya Dana Bos bakal direduksi demi Program Makan Siang Gratis, Lalu Apakah BLT &amp  Bansos akan mengalami hal serupa ?",N
"Kalau orang pernah jalan2 ke luar, pasti tahu beberapa tempat ada internet gratis  Kalau makan siang gratis, hm, apa gak berat di biaya",N
"Kesukaan cebong nich...berenang gratis, makan siang gratis dan goblok gratis",N
"nemu reels ig bikin terharu, baru tau ada layanan bis sekolah gratis dr dishub kabupaten wonogiri utk anak SD-SMP, siapapun yg mau nyalon jd gubernur jateng ide bis sekolah gratis ini bisa diterapin ke setiap kota/kabupaten lebih manfaat drpd makan siang gratis lho",N
"urusin aja tuh makan siang gratis, naikin terus pajak karna masyarakat memilih berkelanjutan",N
"makan siang gratis ppn naik, oke gas oke gas",N
Yg penting all in. Makan siang + susu gratis,P
Ga apa-apa yang penting makan siang GRATIS! OKE GAS OKE GAS! JOGETIN AJA SHAYY!,P
"Dikasih Pendidikan Kesehatan Gratis malah milih Makan Siang Gratis saja... Istilah minta Makan doank, tapi Pendidikan Kesehatan MAHAL BAYAR!! Ini lah sosok  Berpikir Cekak duitnya drmn makan siang? Ternyata Potong BOS Gaji Guru Honorer.. Malah makin Sengsara",N
"Kondisi seperti ini msh banyak dipelosok negeri, Dan ribuan Bangunan Sekolah yg tidak layak utk digunakan ..kok mau bikin program makan Siang gratis dgn anggaran 400T lebih/tahun, ....otak dimana?",N
Banyak yg  salah kaprah sebenarnya? Di anggap makan siang gratis itu buat smua kalangan. Padahal program buat anak sekolahan doang. Bahkan sampai skrg bnyak yg belom ngerti akan hal ini,P
Cuma buat makan siang gratis beli barang makin mahal. Hadeh.... jadi pengen demo lah...,N
"gakpapa, gak masalah yang penting dapat makan siang gratis",P
"Gak apa2 bang ... Biar mereka berbusa2 ngejek program bagus pemimpin kita, kita harus rapatkan barisan dukung.  Yang penting kita bakal kebagian makan siang gratis dan mereka cuma melongo aja  All in semuanya...... Ok gas kapan naiknya bang udah ga sabar nih",P
"kemarin ada loh capres yang peduli sama hal ini, di debat, di kampanye selalu mention soal cuti melahirkan. tapi memang orang Indonesia lebih butuh makan siang gratis daripada cuti melahirkan. selamat makan gratis deh",N
"Akses pendidikan gratis ada dari tingkat SD hingga SMA.  Jangkauan berita dr internet juga sangat mudah.. Justru krn mrk ini tau,makanya memilih 02..  Mrk tau peruntukan makan siang gratis lbh baik, ketimbang internet gratis yg hanya dipakai untuk ngejek, nyinyir n cibir doank..",P
"Udah dikasih capres yang mau realisasikan ini, malah pilih capres yang kasih makan siang gratis",N
Pemilih nya banyakan doyan BANSOS n BLT Beras Buloq Â¸ Sukanya program Makan Siang Gratis ketimbang program Sembako Murah,N
ada capres kasih program paternity leave malah pilih capres makan siang gratis. oke gas oke gas hak asasi lo gue rampas.,N
emang aku udah ngga sabar makan siang gratis malahan,P
"1. Kepengin dapat makan siang gratis, 2. Harus terdaftar di sekolah dulu, 3. Tapi tidak mampu daftar &amp  bayar uang sekolah, 4. Jadi tidak dapat makan siang gratis, 5. Kesimpulan : ga bisa bayar sekolah = ga dapat makan gratis. 6. Salah sendiri miskin!!",N
"Coba satu hari ga pegang HP dan internetan, pasti lu keok. Klw ga makan siang gratis, kan bisa makan pagi dan malam bayar sendiri hehehe",N
Prinsip pemilih merika Yang penting gemoy. Urusan kebijakan nanti aja dulu. kan ada makan siang gratis ini,N
That's right.  Entah apa yg ada dibenak para pemilih bekicot ini. Dijejali kebodohan dgn makan siang gratis.,N
"Better makan siang gratis nih buat anak sekolah aja, klo utk seluruh rakyat kyknya gaakan sanggup. Keinget jg dulu waktu sekolah jarang makan, mending anak sekolah jd prioritas program ini",P
"Nah ini salut dengan guru yg menolak, artix guru2 ini, berpikir panjang untuk anak masa mendatang, Forum Guru Tolak Anggaran Makan Siang Gratis Pakai Dana BOS",N
Anjiingg.. Suka gonggong klu lihat tulang. Klau anjing ini gonggong karena blom dapat makan siang gratis,N
bagusan makan siang gratis kaliiiii,P
"Para Bang Sad pesta merayakan kemenangan"" (semu)....  Sementara para rakyat menengah &amp  miskin nangis di pojokan: Beras makin mahal BBM Pertalite dihapus PPN dinaikkan BOS mau dikurangi untuk biayai ""makan siang gratis"" Listrik naik  Woy penguasa Istana, kalian dzolim!!!""",N
"1. Kalo bener dpt mkn siang gratis, dananya dr mana? Nambah utang negara? 2. Kalo bisa terlaksana tapi semua harga bahan pokok naik, pajak naik, BBM naik, LPG naik, apa gak sama aja? 3. Terus gimana nasibnya anak usia sekolah yg gk sekolah? Apa dpt makan siang gratis juga?",N
rakyat dikasih halu makan siang gratis yg gatau akan berlanjut terus sampe terjangkau 100% seluruh indonesia (murid dan ibu hamil) bodo amat sama pajak mau naik sampe 20% pun asal di blakangnya ada owi ya rakyat bodoh tetep iya iya aja dari dulu dikasih janji manis doang jg.  tll,N
"aku SD di SD Muhammadiyah, gratis bang.  malah dapet perbaikan gizi ditahun itu (2006 - 2011) setiap jumat ada makan siang gratis disekolah lengkap dengan susu",P
Padahal pajak e tambah gede dan memotong banyak cost buat susu dan makan siang gratis.,N
"Bu Neneng ..... Bu Neneng ..... Makan siang gratis bukan buat pak Mentri, Bu Neneng, dan saya. Tapi buat anak anak kita yang masih pada sekolah dan ibu ibu hamil. Bu Neneng..... Bu Neneng......",P
"ALANGKAH LUCU. Sebenarnya makan siang gratis programnya prabowo, kenapa pemerintahan sekarang sibuk sekali ngurus sampai jadi polemik pro-kontra. Biarkan saja Probowo menyampaikannya rencana dan anggarannya di program 100 hari pertamanya.",P
"konteksnya masalah stunting, solusinya makan siang gratis buat anak sekolah, uangnya dari anggaran pendidikan hahahaha",N
"Rupanya loe yg sering kena problem buang hajat gitu, mknya pilih makan siang gratis. Pikir loe bisa sembuh dgn mkn gratis?? Dasar petugas Bansos, bisanya cuma omon jelek dan makan doang.",N
kalo uang makan siang gratis dari dana BOS yaaa sama ajaa......,N
hahaha anaknya makan siang gratis trs bapaknya kepuyengan nyari buat kebutuhan sehari2 krn alokasi dana maksi na nyunat subsidi sono sini ..semua jd mahal,N
"Demi menggolkan dana makan siang gratis bagi anak sekolah maka alasan yg tidak masuk akal pun di jadikan tameng, padahal orang tololpun akan berkata tidak mungkin, sekelas menteri menu makannya tak lebih dari 15 ribu.",N
"Selama ini negara tdk pernah hadir tuk mereka kaum miskin kota, para anak2 terlantar  Sekarang satu negeri ribut soal makan siang gratis  Tdk usah memiliki program yg ujungnya jadi bancakan korupsi, cukup liat kiri kananmu, masih banyak orang miskin bingung mau makan apa hari ini",P
"Ini semua demi makan siang gratis yang sebenernya tidak gratis percayalah program makan siang gratis ini bakal membegal anggaran lain , tentunya bakal membuat pajak naik , apalagi ada opsi ngambil utang dari negara lain",N
Kan yang menikmati makan siang gratis cuma anak2 doang yg dewasa cari sendiri makanan sanaÂ­. Sdh di bilang masih aja tetap all in all in gass ok Di kasih calon yg mementingkan pendidikan gratis eh malah pilih makan gratis,N
Program makan siang gratis ternyata dibuat tanpa kajian akademis yg kredibel dan tanpa desain implementasi yg matang. Program ini akan sulit sekali terlaksana karena memberikan beban APBN yg sangat berat.,N
"PKS: Kalau Dana BOS Dipakai Makan Siang Gratis, Terus Guru Honorer Mau Digaji Pakai Apa?",N
"Program makan siang gratis sudah termasuk bonus akan datang: BBM naek, TDL nyusul, Yang paling hot PPN bentar naek jd Nikmat mana lagi yang kalian dustakan!",N
"Kenapa protes kan bisa dijogetin aja. Oke gas, hutan digunduli diganti makan siang gratis",N
"Gak heran dgn kelakuan warga di Negeri Konoha ini, lah ada yg menawarkan Perubahan untuk kehidupan yg lebih baikdi dibidang pendidikan dan perekonomian... Malah milih Makan Siang dan Susu Gratis..  Gassskeen coy kita goyaaanggg... Walau kebutuhan hidup semakin mahal.",N
"Siap saja murid dikasih makan siang gratis produk kroni nya, setelah itu ortu dipalak macam biaya operasional sekolah.",N
"Padahal dana BOS gak selalu turun tepat waktu.  Dan ada sekolah2 yg menggaji guru honorer ketika dana BOS sudah turun.  Ketika dana BOS telat turun, guru honorer  juga telat gajian.  Gak kebayang kan kalau makan siang gratis nunggu dana BOS turun.  Laper laper deh.",N
"Ga perlu jadi 'sultan' utk anak kita bisa makan seprti itu di sekolah...  Program makan siang gratis cuma akan jadi celah orang utk korupsi... Saya memilih  pendidikan murah dan berkualitas, supaya semua anak Indonesia merasakan pendidikan yg merata....",N
"Ya pake makan siang gratis, kan gurunya jd kaum duafa.",N
"Alasan yg cukup menarik, kaum intelektual tau program makan siang gratis memang akan menggerus APBN APBD , namun kaum yg 60% hanya sebatas yg penting dapat bansos, BLT dan makan siang gratis ga perduli sumber dananya darimana , itu urusan pemerintah,hya itu yg ada di otak merka",N
"Kan roll cuy, uang makan siang gratis dari dana BOS, airlangga yang bilang.. Makan tapi ketika meja rusak papan ga bisa di tulis akan terjadi jika terus di lanjut, akhirÃ‚Â² nya ortu patungan",N
Nyata dan fakta sebagian rakyat Sabang Merauke melilih makan siang Gratis untuk anak anak sekolah.......Mari menghormati pilihan masing masing dan hindari merasa paling benar. Gusti Allah mboten sare..... India dan Jepang salah satu negara yg memberikan makan siang Gratis.,P
58% masyarakat kita happy kok. Kan dipake utk makan siang gratis utk anak2nya. Jd mereka gak merasa rugi. Tinggal yg 42% nih yg kayaknya ngedumel ngeliat yg 58% joget2 saat pajak naik. Itupun jika masih sanggup joget. Wkwkwkw,P
"Ini karna jumlah orang dungu dinegeri ini masih terlalu banyak, harusnya mereka pd koid pas covid kemaren. Eh mlah masih idup. Ditipu isu gemoy, makan siang gratis manut aja. Giliran diajak berubah pke nanya apa yg dirubah ? Klo yg kena dampak buruknya mereka2 doang ga masalah",N
"Yg mreka tunggu adalah makan siang gratis, padahal kebanyakan juga gak dapet makan siangnya",N
Yang milih karena makan siang gratis kayaknya memang sudah mental pengemis,N
"Setelah Pak Prabowo dilantik, program makan siang gratis ini mulai berjalan bertahap. Anak-anak pendukung 01, 02, dan 03 juga bakal sama-sama menikmati maksi gratis ini, senam oke gas, dan masuk di kelas melihat foto Pak Prabs &amp  Mas Gibran selama 5 tahun ke depan. Sungguh riangÃ¢â‚¬Â¦",P
Senang deh program makan siang gratis sudah dibuat testimoni ya dulu  makasih pak . Saya terharu pak   sangat mengedepankan makan ketimbang internet pak.satu langkah dan trobosan kedepan.  Semoga kelak kalian bs buat bangga bangsa adik manis,P
"Pola pikir apa ini, Ngga heran masyarakat kita kadang nyerobot antrian, ngga disiplin, jalur Busway diserobot dll, ini programnya prabowo, dilantik aja belom kok udah jalan aja. Kayak udah matang aja kajiannya udah main uji coba aja.",N
"Dengan menertawakan orang demo beras mahal aja udah keliatan takaran otak mereka bang, cuma mentingin perut dia sendiri.. maklum penghamba makan siang gratis 15rb",N
kenapa program makan siang gratis dibahas mulu? KARENA PROGRAM GAJELASSSSSS,N
Gara2 makan siang gratis ga jelas makan korban Mahasiswa pintar...,N
"Kemarin, baru aja kemarin KJMU dipotong anggarannya. Sekarang PPN buat 2025 bakal di naikin. Baru 2 nih, nanti motong dan nambah dari mana lagi nih buat proyek makan siang gratis.",N
"Negara yang lu sebutin lebih duluin pendidikannya, gaji gurunya dulu, baru makan gratis bisa di cek pake google"" yang lu banggakan setiap dikritik. Apalagi finland lebih duku nerapin Ã¢Å“Â¨pendidikan gratisÃ¢Å“Â¨ dibandingkan Ã¢Å“Â¨makan siang gratisÃ¢Å“Â¨.""",N
kalo makan siang tuh seharusnya dari dana kolektif murid kaya gua dulu di tk karena dari pada uang buat makan siang mending buat biaya pendidikan supaya gratis itu yang lebih penting,N
makan dah tuh makan siang gratis dan segala pembodohannya,N
"Sebenarnya yg pilih makan gratis itu pasti ada terbesit/punya tujuan klo dapt mkan, scara cma karna mungkin mereka terbiasa gak makan siang karna gak ada yg dimakan (kenapa gak kerja/partime)(iya cari kerja gak mudah, tapi jgan menggantungkan untuk suatu yg gak pasti)",N
"Namanya di uji coba kemudian ada evaluasi, lu kira bisa langsung semua di kasih, ada yang namanya proses, dulu temen gue sekolah cuma dikasih 2ribu sama ortunya gue kasih bekal seneng banget dia, bayangkan dapat makan siang gratis",P
"Maksi gratis menurut gue bagus bgt,  Bagi gue yg pernah hidup di plosok.  Krn pernah ga masuk sekolah gara gapunya uang saku buat makan siang or jajan di sklh.   Ga semua org mampu buat makan sehari 3xÃ¢Å“Â¨""",P
"Mending bagusin pola pikir sdmnya dlu kak, kalo hanya berfokus sm makan siang gratis dibanding kelayakan pendidikan dll sm aja bohong. Yg ada malah jd kenyang bodo itu anak2",N
tidak ada makan siang yang gratis,N
"Semua!! Yakin, lu?? Yakin semua anak dari sabang sampai merauke bahkan dapat makan gratis? Apalagi yg di pelosok??! Sedangkan kemaren TKN Gerindra sendiri yg menyatakan kalo program makan siang gratis bahkan terealisasi 2029",N
Gak ada makan siang yg gratis broo...,N
"anjeng pajak jd 12%, babi babi. demi makan siang gratis yang gue jg blm tentu dpt wkwkwk.",N
Presiden macam apa ini?  Beli senjata triliunan  sementara perut buzzer 02 pada teriak minta MAKAN SIANG GRATIS cuma janji palsu,N
"Alhamdulillah ya Allah, berkah barokah. Respect masyaallah Makan siang gratis",P
"Mental indon ya gini,minta gratisan mulu. Cocok dapet makan siang gratis",N
"Dikasih beasiswa biar pinter jadi tau,,,,eh malah pilih makan siang gratis jadi tai...",N
"Kakakku kerja di catering. Cateringnya dapet tender proyek makan siang gratis ini. Katanya, biaya yang dikasih itu 13-15k sudah termasuk upah pekerja catering Aku kurang tau detailnya gimana, sempga aja bisa minimalisir budget dan tetap kasih makan siang yang layak",P
Program makan siang dan susu gratis itu nggak urgent  Yg urgent itu pendidikan WAJIB 12 tahun GRATIS di SELURUH INDONESIA.! Agar rakyat CERDAS nggak bisa di BODOHIN sama PENGUASA.!  Apa sengaja rakyat dibuat BODOH sama PENGUASA agar KEKUASAANNYA tetap LANGGENG.!,N
Makan siang Gratis..menuju Indonesia Kukut,N
"Padahal we deserve this man as our president.   Transparan, mau berdialog dua arah sama rakyat, mengedepankan pendidikan, tobat ekologis, dan banyak hal positif lainnya... Tapi kenapa pada lebih suka makan siang gratis dan joget yomeg",N
"Makan siang gratis, eh ini beneran naik? Yg kena dampakn  menyeluruh, dengan PPN 11% saja ekonomi gini -_-",N
"ppn naik dari 10. 11 menuju 12% pelan-pelan mau nyekek rakyat.  - Gaji pejabat dinaikan - subsidi pertalite diapus bisa juga pln, wifi dan usaha umkm kena dampak - Untuk pembagunan rumah pejabat ikn - Dana boss sebagian dialokasikan makan siang gratis, bukan ditambah.",N
"sebenernya program makan siang gratis tuh sangat bagus buat mengatasi stunting dll, cmn sayang nya pakai dana bos, andai saja anggaran nya dari tunjangan dpr ri yg kebanyakan bisa dialihin untuk anak2 makan gratis",P
"Masyarakatnya juga mudah di iming2i bansos,  makan gratis,  nantinya beban hidup tdk  sebanding dengan makan siang gratis..",N
"Baru satu program aja dibikin ribet sama kelakuan sendiri.  Sampe-sampe pemerintahan yang hari masih berkuasa, pada ikut sibuk buat uji coba program makan siang gratis, padahal bukan program pemerintahan hari ini. Gini-gini amat ngurus negara.",N
Tidak ada makan siang gratis,N
Gw pndkung 01 tp gw akuin program makan siang gratis sangat brmanfaat buat anak anak sekolah. Tinggal dikawal saja biar tidak dikorupsi dan makanan yg diberikan memang ckup nilai gizinya.,P
"Suka sakit hati kalo ada orang ngehina program makan siang gratis. Bukan krn capres cawapresnya ya. Tp karena aku paham betul rasanya hidup susah sampe ga bisa makan. Dan seberapa mewah"" nya susu dan buah saat uang cuma cukup buat makan nasi pakai garam aja.""",P
Mereka mungkin lupa atau sengaja pura2 lupa kinerja pak anies yg masih mereka rasakan di kampus nya. Tapi memilih makan siang gratis yg belum tentu akan mereka rasakan,N
"Tak ada makan siang yang gratis""""",N
"Klo gitu makan siang gratis"" adalah propaganda dari 02 demi memenangkan hati masyarakat yang cm pengen ""ikan"" tanpa mau mendapat ""kail""",N
"All in, makan siang gratis!",P
"Demi cari dana buat makan siang gratis ,PPN dinaikan jadi 12% 11%aja masyarakat SDH kelimpungan",N
"Baca twit lewat di tl soal ujicoba makan siang gratis di Sukabumi. Baca komen banyak yg hujat dan nyandain. Sedih, inget jaman SD udh masak emih, goreng telor, kalopun beli lauk ya jalan kaki sendiri buat sarapan. Uang saku press karna diajarin simbah hemat. :(",P
"Berdoa aja mas yg baik baik buat anak anak sekolah yg emng gamampu, mereka berharap bisa makan siang gratis, jangan putusin semangat mereka",P
"Menyelesaikan masalah dengan masalah. Come on adik-adik, tidak ada makan siang yang gratis""""",N
"No free lunch = tidak ada makan siang gratis, itu prinsip orang luar negri. Di Indonesia makan siang gratis ada, tapi pajak dinaikin",N
"Wong 02 juga ndak berbobot programnya,masa program makan siang gratis",N
"Ringankan Beban Ortu, Pemkot Bima Dukung Program Makan Siang Gratis",P
"Lu yang kek tai, kan percobaan dulu bego. Elu iri ya ga dapat makan siang gratis?",P
Ganti presiden cuma mikirin makan siang gratis udah bingung...,N
Pendidikan gratis Jadi Tau Makan siang gratis jadi tai,N
"Yang dibutuhkan itu Pendidikan yg gratis, bukan makan siang gratis.",N
"yoi lur, makan siang gratis terlalu idealis dan tidak relevan dengan akar masalah",N
"Kasihan yang tidak sekolah, pendidikan tak dapat, makan siang gratis pun nggak dapat",N
Plot twist : Karena semuanya demi makan siang gratis yang sebenarnya tidak gratis,N
"Gini dek, program okelah bagus, tp yg dapat kan anak sekolah, terus gmna anak orang miskin yg gak sekolah, apa mereka dapat, seharusnya mereka lah yg paling berhak mendapatkan makan siang gratis, cek aja data berapa banyak anak usia sekolah tp gk seolah",N
"Anaknya makan sianh gratis, ortunya ngos2an bayar sekolah, akhirnya gak bisa lanjut sekolah. Akhirnya gak bisa dapat makan siang gratis. Plus ketambah dana 2000 T jadi T *i doangÂ­. Utan negara bertambah, apbn jebol, pengangguran banyak, harga meroket. Lengkap sudah derita",N
"Hampir 10 tahun wakanda dibikin hancur si wiwi, klo dilanjutkan si wowo pasti bakal hancur lebur.  Selamat menikmati makan siang gratis.",N
Program makan siang gratis menambah beban rakyat! Pajak dinaikkan,N
"Ya 02 ini udah pasti fix jadi.  Dan kalau memang benar negarawan, harusnya berbesar hati mau mendengar dan mengikuti para ahli terkait program makan siang gratis yang diusung bukanlah sebuah solusi, mengakui program kurang bijak, dan tidak memaksakannya dijalankan.",N
ya orang kaya+mampu tapi ngarep dapet makan siang gratis namanya gak tau diri lahâ€¦justru kalo siswa diseleksi sesuai kriteria PKH/BLT ya hal wajar kok gak terima lu,P
Yg miskin dan yg kaya punya asupan gizi yg sama.Anak2 berkompetisilah kejar cita2 kelian. Terimakasih kepada Bapak pelopor makan siang gratis .Dulu hanya pendemo mkn gratis dari bohir.Bohir saja mampu.,P
"Makan siang bisa ditanggung keluarga, lebih penting PIKIRIN biaya pendidikan sampai S1 GRATIS. Belum waktunya Indonesia Maksi gratis.",N
Sek mending pak Anies. Gak pelit pelit semua dapat. Ini makan siang gratis cuma anak sekolah,N
"Makan siang gratis bagi siswa2 sekolah sudah dilaksanakan di Finlandia, Swedia, Estonia, Portugal, India, Brasil, USA, Latvia, Lithuania, dan bbrp negara di Afrika.  Apakah program makan siang gratis di negara2 itu dianggap sampah oleh rakyat di sana? Tinggal googling saja.",P
"Menko perekonomian  menyebut jika  dilantik menjadi Presiden RI, maka PPN akan tetap naik melanjutkan kebijakan    Para gemoy-ers Makan tu gemoy, makan siang gratis plus vitamin asam sulfat""",N
"makan siang gratis,  tapi pajak naik terus.",N
"Makan siang gratis tp pakai dana BOS yg harusnya dipakai salah satunya utk bayar gaji honorer guru, artinya ada biaya yg hrs dipotong hadehhh ini mah sama aja boong, hello wowo",N
"Omong kosong program makan siang gratis, hanya angan belaka.   tdkbersih terimagratifikasi janganmainin hakrakyat kita bareng prabowo si uban #03dipanggilkpk",N
"Janji makan siang gratis, hanya menjadi dongeng malam.   tdkbersih terimagratifikasi janganmainin hakrakyat kita bareng prabowo si uban #03dipanggilkpk",N
"Banyak hal baik yang bisa didapatkan dari makan siang gratis ini, selain tentang gizi. Tentu saja tentang kebersamaan. Mungkin banyak yg di rumah makan sendirian. Akhirnya bisa makan bareng temen-temen di sekolah. Smoga bisa di eksekusi dgn baik aja sii harapannya.",P
"GoblokÃ‚Â² makan siang gratis udh tau engga logic masih aja di banggain, pekerja nya kerja paksa? Uang 15rb aja cukup nya buat bahan pokok doang blm bisa bayar yang kerja, lu mau kerja paksa silahkan kek jaman Harto,nambah biaya? Utang APBN negara langsung bengkak,otak dipake",N
Pasti buat program makan siang gratis yang sebenernya tidak gratis,N
"Uji cobanya bagus,  Yg terpenting pemerataan program makan siang gratis se Indonesia dan harus tepat sasaran,  Ingat ikn juga butuh biaya banyak ,",P
Makan siang gratis program yg tidak penting kok jadi janji politik terhadap rakyat Program itu yg mencerdaskan anak Bangsa biar SDM Indonesia tidak SMA dengan Timur Leste yg baru merdeka #Memalukan,N
"Ambisi bget pak urusi makan siang gratis, anggarannya becek bget ya pak utk bisa masuk kantong pribadi perkaya diri utk 7 turunan. Ingat &amp  hati2 tuh perut anda sdh sgt buncit pak",N
jika ingin menguasai orang bodoh kendalikan buzzer dan berikan bansos dan makan siang gratis...,N
PEMIMPIN YG BAIK ADALAH YG MEMILIH PENDIDIKAN RAKYAT SEBAGAI PRIORITAS   BIAR RAKYATNYA PINTER DAN BISA BERSAING DENGAN BANGSA LAIN  DIA MEMBERI BEASISWA BUKAN SEKEDAR MAKAN SIANG GRATIS Ã¢â‚¬Â¼Ã¯Â¸Â,N
Drpd makan siang gratis mmg perlu pendidikan gratis sampai S3 sih,N
Ada yg menginginkan Pendidikan Gratis. Ada juga yg menginginkan Makan Siang Gratis.  Pendidikan akan melahirkan generasi Unggul. Kalau Makan Gratis akan melahirkan generasi apa ? Plis...,N
"Mending buat Pendidikan Gratis untuk siswa yang tak mampu,anak Yatim Piatu yang masih ingin melanjutkan Sekolah nya karena keterbatasan Ekonomi Rakyat Kecil yang semakin Sulit. dibandingkan dengan makan Siang Gratis,.paling cuma pakai telor yg menikmati yg dpt proyek memasaknya",N
persetan ppn aku mau makan siang gratis ok gas ok gass pak gemoyy tak da lawan,P
"tiap daerah biaya hidupnya berbeda beda, nanti pasti ada korupsi uang makan siang gratis, maklum ini negara konoha, kalau nggak nyolong nggak afdol",N
"Jing gua gak perlu makan siang serius, gua perlu berobat gratis sekolah gratis",N
"kg juga kena dampaknya, apa penyebab dari itu semua? Yup, makan siang dan susu gratis! Namun, untuk menjalankan rencana ini terlalu banyak hal yang dikorbankan untuk hal yang dirasa tidak terlalu signifikan membawa dampak baik untuk rakyat Indonesia. Memotong subsidi energi",N
"jadinya mau ikn, makan siang gratis atau mega konser nih? sama2 ribet dan butuh modal gede soalnya hahaha",N
Kemarin ditawarin program-program yang ciamik malah milihnya makan siang gratis doang.. Emangnya pada kenyang dengan uang Rp 15ribu ?,N
"Alamat makan siang dan susu gratis di korup juga nih, nnt bilangnya buat  berjuta2 pelajar dan ibu hamil, padahal cm ratusan ribu aja atau anggaran 15rb realisasinya 10rb,  Sbb urusan spt ini sangat rentan mudah di korupsi, krn pengawasannya sulit di lakukan",N
"Pemimpin yang memiliki ketulusan hati, akan merasa sangat sakit hati jika rakyatnya tidak mendapat kesejahteraan..  #prabowo #gibran #prabowogibran #makansianggratis #indonesiamaju #bersamaindonesiamaju #dekade08 #mendingprabowo #terusmajubersamaprabowo",P
"Makan siang dan susu gratis, itu Rp400 triliun kebutuhannya sampai 2029. Saking tidak realistisnya, dari mana sumber uangnya?",N
"Ga akan tergoda rayuan kubu sebelah, tp klopun lapar ya makanlah, Alhamdulillah stok beras msh punya tanpa menunggu makan siang gratis",N
PEMERASAN SECARA BRUTAL TERHADAP RAKYAT BANGSA PRIBUMI INDONESIA DEMI REALISASI PROYEK PENCURANGAN DAN PENGKIBULAN PILPRES24 OLEH WOWOGIBRANJOKIWI 02 BERUPA 'MAKAN SIANG GRATIS' BAGI ANAK BANGSA PRIBUMI INDONESIA#UANGRAJTATDIKURASUNNTIKMEMBAYARI'MAKANSIANGGRATIS'02DANKRONINYA.,N
"di sosmed bilang ga butuh makan siang gratis, eh baru salam kanan solat jumat udah lari ke tumpukan nasi kotak jumat berkah.",P
"BEBERAPA kepala sekolah di Kota Depok, Jawa Barat (Jabar), menolak dana bantuan operasional sekolah atau BOS untuk program makan siang gratis.",N
"Makanya gampang diimingin bansos, makan siang gratis, dsb. soalnya mentalitasnya emang suka gratisan tanpa kerja keras",N
Gagasan emang penting Tapi itu semua harus bisa menjadi realita jgn dibuat sebatas teori kata kata saja  Makan siang gratis itu juga perlu ...dikarenakan byk sekali rakyat yg tingkat ekonominya sangat rendah....dan mereka umumnya juga tidak mempunyai handphone,P
"Beribu ribu sekolahan ada di Indonesia,  bertahun tahun siswa makan di kantin/bekal dr rumah, jajan dan semuanya baik2x saja, jika ada  1-2-3 kasus keracunan. trus solusinya makan siang gratis dr pemerintah, tek'e. yg ada peluang korup baru. Katakan tidak, tidak sampai klewatan.",N
"Kalo bner mahasiswa penerima bantuan KJMU malah pada pilih 02 berarti mreka bner2 gak tau malu, gak tau terimakasih, yaudah sono gak usah kuliah nungguin makan siang gratis aja, itupun kalodapet.. Sambil joged2 oke gass aja.. Rasakanlah pilihan kalian",N
Cicilan utang KA WOOSH aja per hari +/-  Rp 7.000.000.000 belom utang yg lainya et dah mo ditambahin beban biaya makan siang gratis emang udah pada kena busung lapar sampe harus ada makan siang gratis.,N
"normalisasi"" ladang korupsi ya begini. Dari awal konsep makan siang gratis aja udah gak jelas. Masih dipilih dengan ngotot dan ngeyel aja udah aneh.""",N
Gak perlu kuliah toh nanti dapat makan siang gratis,N
"Itu pertanda,selama ini,g semua bs makan dng lauk yg enak dan bergizi.Lalu..apa yg salah dng program mkn siang gratis utk anak2 usia sekolah dinegri ini",P
"Kalian sebagai mahasiswa aja tak mampu berfikir tentang masa depan kalian,pantesan rakyat yg berpendikan rendah tergiur dgn sembako gratis dan makan siang gratis...",N
"Pengen dapet makan siang gratis mah kerja di start up, jangan ngarepin Prabowo",N
"Mudahan2 dgn adanya makan siang gratis stuntingmu bisa sembuh...anak2nya stunting tidak bisa sembuh sampai kapanpun..stunting hanya bisa dicegah pada masa kehamilan...jadi klu udah stunting, lo jgn sampai bego pula..",N
Mau makan siang gratis disekolah tapi keburu dikeluarin dr sekolah karena ngga bayar spp,N
Khofifah Indar Parawansa dukung agar program makan siang gratis Prabowo-Gibran segera diimplementasikan untuk mewujudkan pemerataan pemenuhan gizi anak. #airlanggacenter #JumatBerkah janganmainin hakrakyat #Kita2SenyapBukanDiam RakyatKAWAL PakbowoPRESIDEN,P
"Dek anda yg iQnya rendah gak bisa menangkap arti sesungguhnya  Seperti dulu pak jokowi bilang toll langit  dan toll laut, orang seperti anda yg langsung kritik tapi gak tau arti sesungguhnya.  Makan siang gratis bukan berarti kasih kau makan siang, tapi seperti di negara Jepang",P
Yo pilih makan siang gratis kan dananya bisa di korupsi.,N
Kurang beramal apalagi coba.. THR recehan aja masih dipotong buat covid. Jangan bilang nanti dipotong buat nyumbang makan siang gratis.. ASN wajib berpartisipasi dalam pencegahan stunting nasional.,N
Alhamdulillah dapat makan siang dan susu gratis,P
"GAK perlu PINTER yg penting perut kenyang, MAKAN SIANG dan SUSU GRATIS...TIS !!!  KELAS MENEGAH JADI DIPENTINGIN PERUTNYA, BUKAN OTAKNYA.  MALAH TURUN KELAS JADI KELAS BAWAH, DAN KENDARAAN KREDITAN DIJUAL krn PENDIDIKAN GAK MEMADAI.  MAMAM TUH PILIHAN KALIAN !!!",N
eh malah milih makan siang gratis...,N
"Orang tolol pastilah pilih makan siang gratis. Pikirannya jangka pendek.  Penguasa pun untung. Biaya makan siang gratis lebih murah dibanding pendidikan gratis. Apalagi jika banyak siswa putus sekolah, makin berkurang sasaran makan siang gratisnya.  Wakanda... nasibmu",N
spoiler program makan siang gratis 2079,N
"Jadi kalo proyek MAKAN SIANG GRATIS 450 Triliun, berarti feenya untuk BAGI2 senilai Rp 67,5 Triliun  Lo tau 67,5 Triliun itu bisa buat apa aja? Nih :  Ã¢Å“â€¦Ã¯Â¸Â Beasiswa senilai Rp 10 juta utk 6,7 juta siswa Ã¢Å“â€¦Ã¯Â¸Â Bisa bangun 2.250 sekolah konsep Net Zero standar Jakarta, diluar daerahÃ¢â‚¬Â¦",N
Ini mereka kuliah apa main oke gass oke gaaas sama junggu makan siang gratis??gini amat jadi mahasiswa,N
"Tadinya mau komen minta bang y0usef kalau to the point aja kalimat bahasa inggrisnya, tapi lalu keinget bahwa sebagian besar dari kami lebih milih calon presiden yang menjanjikan makan siang gratis daripada calon presiden yang menjanjikan pendidikan gratis.",N
Jika beliau terpilih sebagai Presiden pasti program ini akan lebih luas menjangkau seluruh anak-anak Indonesia sampai pelosok.  Tapi sayangnya kalian lebih mementingkan memilih makan siang gratis daripada bea siswa pendidikan macam ini.,N
Ada Capres yg begini sayang kepada rakyat nya agar anak-anaknya dapat sekolah dan berpendidikan eh kalian malah pilih si gemoy cuma gegara gratis makan siang dan joged-joged.  Hadeuh....,N
"Dikasih capres yang mau ngubah minimal umur malah milih makan siang gratis buat anak sekolah, kocakkk.",N
Buat mendpt kekuasaan ato kenaikan status sosial orang berani keluar uang milyaran walaupun dananya dari hasil utang Tapi  Untuk mencerdaskan anak bangsa(katanya) program makan siang gratis Tidak mo berkorban sesen pun Malah menggerogoti keuangan negara(APBN) Dimana negarawannya,N
"Oohh skrg MI tu setaraf SMP ya? Balita mah bukan butuh makan siang gratis, tp ibu2nya yg butuh edukasi menu makan bergizi",N
"Emang ya, klo sdh nyemplung dikolamnya 02 trs jdi konslet cara berfikirnya  Otaknya Cuman Isi Makan Siang Gratis aj!",N
"Kurang lebih sama dengan yang ngomong makan siang gratis sudah ada di negara-negara maju, kita ketinggalan  Tapi mereka lupa kita masih banyak kebutuhan mendesak yang perlu segera diselesaikan, ketinggalan kita masih sangat banyak daripada hanya sekedar makan gratis di sekolah",N
Pendidikan itu ga penting yg penting makan. Ga papa sekolah mau ambruk &amp  fasilitas kurang yg penting dapet makan siang gratis. Kurang lebih begitu inti debat sama pendukung prabowo.,N
"PraRoRo skr mJilat Pantat Jokowi LUHUT penDusta besar terbukti PraRoRo Mau Korupsi Bikin Proyek Makan Siang Gratis, 400 Triliun... DuSTA Jokowi itu mNular n Dangerous",N
"Neriakin prabowo karna makan siang gratis? Tanyain aja yg udah lulus unhan sm universitas lain yg prabowo gratisin,tanyain noh sono jangan koar baca konsep""",P
"Ada pemikiran konyol: Jepang jadi negara maju karena ada makan siang gratis.  Padahal justru sebaliknya: Krn Jepang sudah maju, maka makan siang gratis mudah dilaksanakan.  Lha di Indonesia: Ribetnya jelas, korupsinya pasti, manfaat ala kadarnya dan gak imbang dg besarnya biaya.",N
"tenang mba kan masih bs makan siang gratis , sekolah ? apa itu sekolah yang penting bs joget oke gas sama makan gratis udh cukup",N
"Indon bangga krn bisa rasis. Tolol bgt, balesan macem apa ini anjeng wkwkwkw goblok sejagad pantes lah lu semua dikasi makan siang gratis.",N
Tunggu makan siang gratis aja mbak ngk usah kuliah...kamu yg dukung kan,N
Nah apakabar makan siang gratis,N
"Pendidikan gratis ditolak demi makan siang gratis, trs karena apa2 mahal jadi banyak yang ga sekolah, alhasil makan siang dengan peserta sedikit dan budgetnya bisa diselewengkan",N
Masih ada harapan untuk menghadapi masa depan yang suram dan penyesalan ! Dengan joget joget dan makan siang gratis.,N
"Demi makan siang gratis,APBN di sebagian kementrian pun bnyk dipangkasin,tp ttp lg2 rakyat yg menanggung beban  kenaikan2 n akibat.para pemimpin yg g peduli biarpun tekor yg penting kesohor berprinsip gimana entar bkn entar bagaimana",N
"Ternyata hasil polling 94% orang tua murid memilih DANA BOS untuk Kegiatan Pembelajaran, bukan untuk program Makan Siang Gratis.",N
emang kalo makan siang doang udh pasti terpenuhi tuh gizi???jadi bagaimana dengan sarapan dan makan malam??nanggung amat ngasih makan siang gratis doang,N
"Rakyat butuh pekerjaan , bukan makan siang gratis",N
Pembodohan masif merupakan cara paling jitu dlm penjajahan politik.  Dan ingat! yg ditawarkan oleh gerombolan dajjal nusantara adalah makan siang gratis bukan pendidikan gratis,N
"Waao, gen z nya keren kalau beneran gen Z. Gen Z di wakanda lg ngapain ya? Oh menunggu makan siang gratis sprtinya",N
"Dikasih makan siang gratis aja, jangan beasiswa...",N
yakin deh di sini bakal ada yang korupsi soal proyek makan siang gratis kayak gini juga wkwkwk,N
"auto sehat, udahlah dapat makan siang gratis, dapat ini pula sehat pemudaku, jayalah negeri ku!",P
Kau lebih memilih makan siang gratis ketimbang kuliah gratis...  Jadi... Nikmati saja pilihan mu.,N
Sebentar lagi jaklingko dan KJP dihapus karena dananya buat makan siang gratis dan joget joget,N
ya pantes. lu berharap apa sih dari orang yang ngedukung paslon yg waktu ditanya soal pelecehan aja jawabnya makan siang gratis,N
Kalo nanya gitu ke jokowi pasti jawabannya yoo Ndak Tau Kok Tanya Saya. Kalo nanya gitu ke prabowo pasti jawabannya makan siang gratis,N
"Pendukung makan siang gratis, jd wajar lah yu punya attitude kek gitu.",N
"Dana BOS gak dibuat makan siang gratis aja sekolah ku kondisinya cukup memprihatinkan, apalagi alokasinya tambah untuk makan gratis Bisa bisa ATK untuk guru gak kebeli ini",N
"Hiburan sejenak..  Beras mahal, harga kebutuhan pd naik, KJMU di cabut.... jogetin aja dulu sambil menunggu makan siang gratis...ok gass, oke gasss",N
Mana  mungkin domisili di LN IQnya di 75 dan kelas 7....ga mungkin pilih makan siang dan susi gratis .... goblok aja msh milih yg kayak gitu....,N
"PP lu ga mencerminkan sikap lu haha, sering2 baca deh baru keluar goa kah? Makan siang gratis ya khusus buat anak sekolah dan ibu hamil tujuannya untuk meminimalisir stunting, memang peremerintah indo korup nya banyak tapi dengan program diatas setidaknya bisa buat anak ga stunt!",P
"Gak peduli Boss!!! Lu siape??? Kalo gak bisa kasih makan siang gratis diem aja!!!   Udah deh, penyanyi mah nyanyi aje. Gak usah sol ngurusin kebijakan publik!!!",P
"Dgn IKN yg diakui blm ada investasinya, dan APBN tidak sanggup utk 450 T Dgn makan siang gratis 450 Triliun, blm termasuk susu yg msh 80% impor. Dgn beras yg jg impor dr thailand, india Tambah mo impor 1500 sapi india. Hilirisasi yg jd perampokan SDA + Perkebunan. Kecurangan TSM",N
"Mbak.... Setahuku kampanyenya mencukupkan pendidikan sampai SMU, jadi Mbak nggak perlu kuliah2 lagi, nggak perlu itu KJMU, mungkin mrk maunya Mbak cari kerja saja, atau cari suami ntar nunggu dapat makan siang gratis dan susu gratis aja bagi ibu hamil...",N
"Emang yang dirasakan warga DKI Jakarta yang milih 02 apa, amplop dan sembako yaa /atau iming iming makan siang gratis",N
"Salah Satu Bukti Pemerintah Gagal Mensejahterakan Rakyatnya.  Utang Negara mencapai 8.253 T itu buat apa jika Rakyat masih harus terlilit Utang Pinjol, ditambah lagi Kebutuhan Pokok, Pendidikan, Kesehatan, Listrik, Bensin, dan Pajak  Makin Tinggi.  Solusinya Makan Siang Gratis ?",N
"Gak penting kuliah mah.. udah lah, lu tunggu makan siang sama susu gratis aja..",N
Mereka 'dibius' makan siang gratis setelah berhasil dimiskinkan secara TSM,N
Sudah nikmatin saja yang pilih makan siang saya pilih pendidikan yang utama bukan makan gratis,N
"Selamat makan siang gratis, wong dananya banyak kok, ambil aja dari bansos dan dana pendidikan.  Oke gas gak nih wo?",N
"Itulah dikasih pendidikan gratis malah pilih makan siang gratis,, Krn yg pendidikan gratis udah jalan jadi pengen nambah makan siang gratis,,eh sekarang nggak dapet dua+duanya,,",N
Katanya ke rakyat jangan pelit... kok ngga setuju ngasih makan rakyat.  JK Soal Makan Siang Gratis Bebani APBN: Siapa yang Bayar? Kita Semua,P
"Betul, warga sudah mulai cerdas, sehingga ga kemakan bansos, BLT, beras, minyak goreng, susu, makan siang gratis, dan asam sulfat.  Tapi perjuangan mencerdaskan bangsa masih panjang di seluruh pelosok negeri.  Usaha untuk mencerdaskan kehidupan bangsa, masif dihapuskan. Waspada !",N
Seandainya dapet makan siang gratis yang sekolah trs yang dirumah puasa sepanjang masa gitu oke gas oke gas makan angin gas.,N
"Negeri ini masih carut marut, tapi skala prioritas kebijakan didasari keputusan politik pencitraan, bansos, makan siang gratis, kereta cepat, infrastruktur tanpa kajian, peresmian ini itu, akhirnya rakyat bakal menanggung utang yang banyak. Mamam tah.... !",N
"Terasa ringan kerjaanku saat anak-anak libur. Pagi-pagi santai gak sibuk bikin bekal. Alhamdulillah, anak kedua nanti SMA juga gak dibikinin bekal lagi. Bukan karena dapat makan gratis, tapi SPP-nya udah sekalian sama makan siang di sekolah",N
Nabung buat bayar sekolah karena sekolah harus bayar lagi soalnya  dana bos di buat program makan siang gratis ?,N
"Lah mana ada tersampaikan semua, dikira orang semua liat debat capres, yang menang sekarang kan  pengusung program makan siang dan susu gratis , brrti otak org indo rata2 bisanya cuma minta makan kan wk ada tuh program2 yg bagus tpi malah dikira omong doang gabisa kerja wkwk",N
"iya gapapa abah kita kalah. tp tolong ya kalau ada masalah yg ditimbulkan sm siemoy nanti kalian-kalian doang yg ngalamin, GUA GAMAU. secara gua bayar pajak, najiz bgt buat ngatasin masalah lo semua kek makan siang gratis. ew ga ikhlas",N
apanya yg disinkronisasi..udah jelas si heru bilang penghematan budget..emang pemilih 02 itu otak kosong dan dungu..!!! cari tu makan siang gratis...mana ada makan siang yg gratis..,N
Tidak perlu mengeluh. Ntar dapat makan siang gratis. Joget aja yg penting happy.,N
dapat makan siang gratis entah berapa kali? atau malah ga jadi,N
"Nasi sudah jadi TAI bang, bukan bubur lg kan abis makan siang gratis",N
sekedar dijanjiin makan siang gratis,N
"Ternyata yg dibutuhkan pendidikan gratis, bukan makan siang gratis  Wislah....joget aja Ok gas Ok",N
"Makan siang gratis, BPJS gratis, duitnya drmn  bro ?  BPJS bayar aja negara masih menanggung banyak lho, partai gratis memang bukan maen",N
Gerombolan dajjal nusantara tawarkan makan siang gratis bukan pendidikan gratis! Ã¢Å“ÂÃ¯Â¸Â,N
Banyak alternatif yg tidak memberatkan APBN dan kantong kantong anggaran lainnya kalo mau berfikir lebih jernih tentang makan siang gratis..,P
"Dikasih pendidikan gratis lebih milih makan siang gratis, eh KJMUnya dicabut ngadunya ke yg kasih pendidikan gratis harusnya mah ngadunya ke yg ngsh makan siang gratis nanti",N
Hayyooo deekk perjuangkan nasibmu sendiri krn yg kalian bela sdh tidak butuh lagi suaramu. Semua keputusan pasti ada konsekuensinya. Kalian memilih makan siang gratis ketimbang pendidikan gratis sih,N
"Dan  pun menghilang dari lane Typical buzzeRP banget yak, setelah ditampar data, langsung menghilang, minta arahan lanjutan dari kakak pembina sambil joget ok gass nungguin makan siang gratis yang dihilirisasi",N
"Klo bs..rkyt butuh pendidikan gratis, bukan sekedar makan siang gratis ??!",N
Bisa tekor makan siang gratis APBN kl pedukung nya model gini.,N
"Di ajak cerdas utk perubahan, malah milih makan siang gratis,. Nikmati aja goblok mu @..",N
"Korea ketat ya , kalo disini abis viral nguap gitu aja   Kaya kasus snackbox KPPS sleman budget 35rb sampai ke panitia cm snackbox 2500Â­  Makanya aku ga percaya sama program makan siang gratis ,apalagi tanpa pengawasan yg ketat",N
"Demo tolak samsul atau belimbing sayur gitu... Begonya ampun dah, cuma dibayar 35k... Beginilah contoh penyembah makan siang gratis, yg cuma jadi taik, jadi pinter sih jauh bray.",N
"Kok jadi ragu akan ada hak angket bila masih tarik ulur ya akan putus n gak ada hak angket yg ada hak lengket,lengket dng penguasa n dapet berkah n rakyat cuma dijadikan sapi perah tuk makan siang gratis.",N
Ironinya dunia pendidikan di negeri kita... Apalagi ada rencana dana BOS di pakai untuk program makan siang gratis...ga habis thinking.,N
", knp gak jogetin aja..ok gas ok gas..? Gak penting itu pendidikan, lbh penting makan siang gratis, lanjut ke Indonesia Mukbang"" ye gak...ye gak....""",N
Saking laparnya racun pun dimakanÂ­ smoga makan siang gratis cepat terealisasi,P
"Betul lapangan pekerjaan yg d butuhkan biar rakyat bisa hidup dengan hasil kerjanya, bukan makan siang gratis.",N
"Kelakuan lu dan anak2 lu sok asik banget fomo all in all in!! Dikasih pilihan dosen, peduli pendidikan eh malah milih makan siang gratis. Sorry yee gw gak empati, sookkooooooorrrrr",N
makan siang gratis 15rebu dikorup nanti jadi cuma 7rebu setiap hari menunya diet siomay sma pisang,N
"SDM kita msh rendah dan jg banyak yg fakir akut secara mental. Semangat bgt dikasih makan siang gratis, memang ada yg benar2 gratis?",N
"Di Indonesia nanam jagung Â½ keluar singkong. Makannya anak singkong kurang gizi IQ 2,4 jd pilihan nya makan siang gratis.",N
Yeay makan siang gratis,P
tetep butuh makan siang gratis,P
"Dan gebleknya lagi ketika mereka penerima KJMU yg pilih 02 ni dicabut, putus kuliah, makan siang gratis juga gak dapet krn gak sekolah. Gblk kuadrat.",N
"Pilih pendidikan gratis, kalau makan siang bisa bontot sesuai kemampuan",N
tapi tetap dapat makan siang gratis kok sama wowo + di lempar bingkisan kayak kasih makan binatang,N
"Kalau rakyat kayaknya ngak terkejut pak JK. Makan siang gratis lebih menjanjikan daripada peru ahan yang kalian tawarkan. Makan siang itu bagian dari usaha mensejahterakan rakyat, daripada merubah. Merubah itu identik dengan penghancuran yang sudah ada.",P
Yg jelas sih bukan makan siang gratis,N
apa kabar makan siang gratis??,N
"Mungkin dia lapar, berharap makan siang dan susu gratis ya Gay  ?",N
Belum lagi kalo sekolah mark up jumlah siswa demi fasilitas makan siang gratis,N
asbun lu. kawal tuh program makan siang gratis kalo pragib beneran jadi,N
gimana mau makan siang gratis kalo udah do dari sekolah.,N
Gapapa nanti bocah tantrum diatasi sama makan siang gratis,N
"Kalau tolol jang komen, hidupmu susah terus sepertinya butuh makan siang gratis",N
"Alasan logis kenapa prabowo mengusulkan makan siang gratis untuk anak-anak dan ibu hamil, supaya mencegah ibu dan bayi kekurangan gizi yg dapat mengakibatkan stunting seperti orang yg diquote.",P
"Hindarilah berdebat dg orang-orang  yg suka makan siang gratis, apalagi  ttg kemanfaatan internet dlm kehidupan se hari2..",N
Nah gitu main ayah2an lebih tepat krn cukup beri (janji) makan siang dan susu gratis saja...,N
"Pak Prabowo sayang anak-anak, anak-anak sayang Pak Prabowo..  Bukti terbesar sayangnya Pak Prabowo sama anak-anak ya program makan siang dan susu gratis",P
"Menabung nasional, dana makan siang gratis aja pake dana BOS, Boro Boro bisa menabung nasional. Itulah Indonesia, orang goblok tapi masih aja dikasih jabatan. Kalo saya sih sudah saya depak orang goblok macam si dedi, gak berguna!!!",N
Masi kuat goyang buat lima taun sambil nunggu makan siang gratis nder?,N
Ini nihhh emng bnr hrus ada program makan siang gratis. Biar modelan kek gini bisa berkurg dimasa mendatang,P
kan makan siang gratis diklaim kemudahan buat pelajar.  Meski mereka masih kebingungan soal sumber dananya.  Berharap lebih Ã¢Ââ€œ Impossible Ã¢Ââ€”,N
"Mana kebagian ... Makan siang nya di sekolahan!!  Padahal dia putus sekolah, masak yaa ikut makan gratis ibu hamil, lah anaknya kagak hamil. Kesian emang nasib, klo punya bapak salah milih presiden",N
Makanya pendidikan itu penting banget. Hampir semua pemilih disana adalah org2 yg punya pendidikan yg tidak mudah disogok dengan bansos dan makan siang gratis,N
Mau dialihkan kemana anggarannya dok? Apakah utk menutupi rayuan gombal makan siang dan susu gratis?,N
"Ternyata dari data yang disajikan tidak seluruh siswa dan balita akan mendapatkan makan siang gratis, hanya siswa yang terdata di dtks. Sekolah bisa chaos gara-gara program ini",N
Kok bayangin program makan siang gratis ini ngeri ya?,N
Banyak yg pilih makan siang dan susu gratis sih ..bukan biaya pendidikan gratis ya begini jadinya,N
Lebih memilih makan siang gratis,P
Bukannya milih yg pendidikan gratis sih...ini malah makan siang dan susu gratis..kalo udah gini?.....nyesel yg ada...hadeuhhh,N
Ya pada pilih makan siang dan susu gratis..bukan milih yg pendidikan gratis...ya begono jadinya....hadeuhhh,N
"Akibat lebih memilih makan siang gratis?  Daripada memilih pendidikan gratis??  Jogetin aja gemoy,,,,",N
"Fungsi dana bos itu bukan untuk mensejahterakan pendidik tapi untuk membiayai pelaksanaan pendidikan, mensejahterakan pendidik tugasnya pemerintah.  Kalau BOS sampai dipergunakan untuk makan siang gratis, satu kata BANGSAT.  Sekolah itu butuh buku bacaan, kursi meja, buku utama",N
"jadi pilih mana antara pendidikan gratis dengan makan siang gratis? makan gratis cm jd , ga bisa jadi tau",N
makan siang gratis. dasar pemimpin gagal. firaun qorun hanan. bajingan tolol.,N
"KJMU tdk menarik, makan siang gratis lbh menarik. Mungkin seperti itulah yg ada dipikiran mrk",N
Orang mampu beli jamur 11 dollar gaperlu subsidi makan siang gratis!,N
"Itu kan baru rencana aja, semua ud ribut aja kaya ga kerja jg lain sih. Kerja aja jg lain lbh baik. Dr pd urusin rencana makan siang gratis baru th depan itu kalu  jadi. Kalu ga jadi bgm sdh ribut aja duluan  hahaha  Kalu kalah bigung deh , kalu menang beda lgi ..",P
Mending ini ga sih daripada makan siang gratis?,N
Pendidikan gak penting om Stev.. yang penting siang dapet makan gratis perut kenyang molooor,N
Ternyata doi yg demen omon2....food estate aja gagal. Makan siang gratis belum tw skema mulai dri sumber uang &amp  pdistribusiannya...ini mw ekspor...hilih...klo ngikut si mukidi...ini mah berjilid gini lg,N
"Ngomong aja dulu ya ga Kan nanti kalimat omon omon"" tuh buat diri sendiri sebenernya bukan buat Aniesâ€š Program makan siang gratis aja buram",N
"Iya ga penting lu, gizi kan penting jangan2 lu ga tau kandungan gizi yg dibutuhkan tubuh lu? Kalau ga penting ngapain pak prabowo bikin project makan siang gratis kan  Kasian sih kalau gatau ckck padahal karbohidrat yg bagus bukan dari beras biasa malah Kebanyakan gulanya malah",P
"Pria D3/S1 Usia max. 23 tahun good looking, good atitude multiskill ipk minimal 3 tidak pernah melakukan tindak kriminal  menurutku susah sih hidup di indonesia jika cuma ngandalin baksos, makan siang gratis, trs skrg anggaran untuk beasiswa dikurangin..  menuju Indonesia Emas Ã¢ÂÂ£Ã¯Â¸Â",N
Paradigma makan siang gratis lebih pas di banding pendidikan gratis..,P
"Tenang saja, habis ini uang kuliah akan kembali seperti tahun 2000an dibawah kepemimpinan bapak  . Kuliah 350rban/semester.  Karena pak prabowo akan berantas korupsi semua sektor. Kesehatan gratis, sekolah gratis, makan siang gratis. Kita songsong indonesia emas 2045",P
"Jelas akan memotong kepentingan sekolah yang lebih penting. Aneh, program capres kenapa dibebankan pada dana BOS, cari dong.  Tolak Wacana Program Makan Siang Gratis Pakai Dana BOS, Andreas Hugo ke Nadiem Makarim: Merepotkan!",N
Jadi TAI KAK BUKAN BUBUR lg.. Kan habis makan siang gratis,N
malah pilih makan siang gratis 15rb per hari :D,N
"beliau dan kelompoknya yang bikin mahal (politik uang, guyur bansos, janji makan siang gratis, dkk), beliau sendiri yang mengeluh, ajaib.  DPD RI ini kalau cuma bisa merespon seperti itu mending bubar saja.",N
Inilah pentingnya pendidikan gratis dr pd makan siang gratis,N
"pemilu 2024 menurut gue pemilu yg paling menyenangkan selama yg gue tau, berkat abel dan topan. tapi pemilu 2024 juga sekaligus pemilu paling nyebelin karna warna biru muda dan makan siang gratis jadi kayak langsung menjurus ke arah negatif",N
Makanya ada opsi program: Pendidikan gratis Makan siang gratis eeeehhhh.. pilih makan siang gratis,N
Gpp itukan pemimpin yang kalian idamkan yang penting makan siang gratis,N
"Jogetin aja om,,, ngk usah dipikirin,,,, yang penting makan siang gratis,",N
"Diluar negeri biasa x.. disekolah makan siang....  Setiap perubahan dari yg biasa itu emang tidak enak bos.. Main lah ke pelosok, biar bisa tau byk anak2 lapar boro2 mau fokus belajar..  Sekolah udah gratis yg negeri, skrng disempurnakan dikasih makan.. ya positip thinking aja dl",P
kepikiran gasi? program makan siang gratis trus harga beras naik,N
Mau minta saran juga boleh yang penting jangan minta makan siang gratis.,N
"Bahkan chef orang jepang yang sudah pro sekalipun sangat hati2 dalam mengolah ikan ini. Pentingnya edukasi di negri kita, bukan cuma sekedar makan siang gratis aja.  Teruntuk keluarga yang ditinggalkan, Al-Fatihah...",N
"Biarkan saja mereka menikmati ketololan akibat rayuan program makan siang gratis dan joget Gemoy oke gas oke gas capres 02 pilihan mereka. Kan mereka sendiri yang pengen, sampai sampai mereka menghina Abah Anies. Sekarang baru menyesal. Akibat kebanyakan bermain game online toxic",N
kebelet nikah dgn janji manis tanpa melihat kemampuan ekonomi ibarat kebelet jadi presiden dgn janji makan siang gratis susu gratis tanpa melihat kemampuan APBN kalopun bisa pasti dgn cara memaksakan entah darimana dananya me maksa : efek samping efek samping : rakyat dan sistem,N
"Bagi org yang berpikir, tentu lebih baik pendidikan gratis dari pada makan siang gratis.",N
"IKN? Lanjutin. Makan siang gratis walau ga realistis? Oke gas. Apapun yang Jkw mau, iyain aja. Padahal dulu ngusung Anies wkwk. Gagasannya Prabs itu bersebrangan sama Jkw dari 2014. Pasti dia punya ide-ide sendiri. Tapi utang politiknya sama dinasti Solo terlaluuuuu besar.",P
Makan hoax trus emang kenyang?   Nunggu makan siang gratis juga lu ga dapet kan ya?,N
ujung2nya makan siang gratis lepas tangan dikasih mentahnya,N
"masalahnya orang kita ini banyakan yg gampang kesogok. entah itu bansos atau iming2 program makan siang gratis padahal mekanismenya aja belum jelas. A bilang begini, B bilang begitu, ujungnya nanti yg kena balik ya para orang2 yg ngarep makan siang gratis wkwkwkwkwkwkw",N
Yakin bngt kl makan siang gratis tu GK akan bertahan lama. Percaya deh.....,N
Program makan siang gratis hanyalah tipu daya politik penguasa.,N
"Tetap bahagia ya dek, masih bisa dapet jatah makan siang gratis 15rebu pantengin beritanya ye kapan tuh jatah makan siang gratis dimulai jangan sampe kaga kebagian nanti otak tambah blo'on udh mah kaga kuliah ditambah lagi kaga dapet jatah makan, generasi blo'on emang",N
"Makan siang gratis lah, yg penting perut. Urusan akal, nanti dulu..",N
Ini yg mau nya cuma makan siang gratis - bloon emang,N
Yg mereka butuhkan cuma makan siang gratis - pada nggak nyampe otak nya di kasih ide brilian,N
"Luar biasa... Makan siang gratis nantinya masuk proyek pemerintah kan? kalau rumus ini yang dipakai,bayangkan saja berapa uang negara yang akan menjadi FEE?. pernyataan ini juga sekaligus mengkonfirmasi temuan PPATK 500 San T uang proyek masuk kantong pejabat,hhhmmmm....",N
"Program MAKAN SIANG Gratis, sangatlah tidak mudah untuk di realisasi kan. Yang tentunya memakan anggaran yg sangat tidak sedikit. Ini program sangat tdk relevansi untuk saat ini.",N
Saya setuju makan siang gratis. Banyak warga tdk mampu yang menahan lapar krn jam sekolah belum habis sedangkan uang jajan tidk cukup untuk makan siang. Gimana mau fokus belajar kalau perut kosong.,P
Lah Lu malah ikut membuat anak bangsa di belenggu kebodohan dengan memilih makan siang gratis,N
Anak2 Indonesia tidak perlu pendidikan yang diperlukan cuma makan siang gratis sama main tiktok. Udah tepat tuh kebijakan Heru mentololkan anak dan bikin kenyang.,N
gue ga peduli yang penting dapat makan siang gratis OK GAS... OK GAS,P
"Mike Verawati dari Koalisi Perempuan Indonesia menyebutkan bahwa program semacam itu, merusak mentalitas dan militansi perempuan.   Apalagi, jika menyamaratakan situasi dan kondisi persoalan perempuan hamil yang misalnya kurang gizi dengan makan siang-susu gratis.",N
nan,N
bodok amat yang penting dapat makan siang gratis OK GAS... OK GAS...,P
Dapet makan siang (ga) gratis nih,N
Makan siang gratis atau pendidikan gratis? Ya makanlah (kata mahasiswa tolol dan dungu yang kerjaannya cuma begadang main ml ahahah),N
"Melihat kejadian demi kejadian yg berlaku sampai hari semenjak program makan siang gratis dicanangkan maka semakin yakin bahwa slogan  tidak ada makan siang gratis"" memang nyata....  Silahkan dinikmati boss...  #DukungHakAngketDPR""",N
"pdhl jaman anies gaada yg dipangkas tapi semua jalan mau KJMU, KJP, Makan Siang Gratis anak sekolah, pembangunan semua jalan berbarengan, sampe masih bisa ekspor beras + harga pangan murah. ini dipangkas itu dialihkan kemana gakeliatan samsek heru budiiii",N
"Ya makan siang gratis lah blok, semua orang butuh makan, tapi gak semua orang butuh sekolah"" Kata si Allin.""",N
lebih enak makan siang gratis,P
Halah.... Tp lu malah pilih yg punya program makan siang gratis... Joget gemoy...   Telek lu,N
15 ribu cuma buat makan siang gratis trs makan malem dan pagi dan sore apa emng manusia gk makan 3x sehari apa,N
Bagaimana dengan anak yang putus sekolah ? Apakah mereka yang putus sekolah akan tetap mendapatkan hak makan siang gratis ? Sejatinya mereka yg putus sekolah mayoritas bahkan hampir semuanya karena tidak mampu dan itu yang seharusnya dibantu.,N
"bermanfaat banget nih program prabowo-gibran, makan siang gratis bikin suasana belajar jadi lebih asik.",P
Makan siang gratis merupakan salah satu Program Hasil Terbaik Cepat dari paslon nomor urut dua Prabowo Subianto - Gibran Rakabuming Raka yang rencananya akan diberlakukan pada 2025.   #TempoEXPLAINED #MakanSiangGratis #Stunting #AnakSekolah #Pangan,P
Mereka lebih milih makan siang gratis daripada pendidikan gratis.   SELAMAT MENIKMATI,N
aku seneng banget lihat anak-anak di sekolah bisa nikmatin makan siang gratis dari program ini,P
Orang Sumut mah pilih makan siang gratis,P
"prabowo-gibran emang paham banget kebutuhan anak sekolah, makan siang gratis jadi solusi bagus.",P
Haha. Sorry algoritma dia cuma joget2 dan makan siang gratis,N
"mantap nih programnya, makan siang gratis bikin anak-anak tambah semangat belajarr",P
Klo makan siang gratis yg kuras APBN dan food estate yg hancurkan hutan gimana? Diterima?,N
Hari2 akan disibukkan makan siang gratis..... Yang ada besar perut karena kekenyangan.  Otak gimana.....  Kok nanya..,N
"wah, makan siang gratis dari program prabowo-gibran ini keren banget, bantu banget buat anak-anak sekolah ya",P
"Ada yang nyesel? yang satu dana Bos buat makan siang gratis, yg ini udah jelas terbukti memberikan kok yo ga di dukung, dasar emang kalian bodoh!",N
anggaran makan siang gratis SEMINGGU alias 7 hari hari itu bisa ngidupin ITB satu semester tanpa mahasiswanya perlu bayar ukt,N
"makan siang gratis lah.. bikin kenyang, biar ada tenaga buat joget2 gemoy â€š kalo pendidikan gratis cuma bikin pusing, dan ngabisin tenaga jd ga bisa joget2 gemoy..   Stupid Majority",N
Rakyat butuh lapangan kerja tapi yg dikasih makan siang gratis,N
"Rakyat butuh pendidikan gratis, pengobatan gratis bukan makan siang gratis",N
"Makan siang gratis YESS"" Kuliah gratis ""NO""""",P
Makan siang gratis aja belum d jalankan udah bikin negara defisit....sok2 an pula mau ngejar ekonomi tumbuh 8%....kerjaan jogedd mulu....rakyat antri beli beras sampai pingsan d cuekin...situ waraaasss....,N
"udah bukan masa kampanye masih aja jadi buzzer nih manusia gk bermutu, apa di bayar pake makan siang gratis ya jadi lanjut terus nge buzzer nya??",N
"Gilak, ini mah udah dipermudah wkwkwk Malah milih makan gratis, mana siang pulak bukan tiap hari wkwkwo",N
Jawab pertanyaan simpel aja ngeles mulu kayak bajaj. Yg lu bisa cuma bikin opini sampah kyk username lu dan ngetik goblok doang ya? 12 tahun sekolah ngapain aja? Nungguin makan siang gratis?,N
Jadi apa gunanya makan siang gratis utk anak sekolah kalo si anak gak bisa sekolah,N
"Ironis para elit ribut makan siang gratis, sementara masih banyak anak tidak mampu yg butuh pendidikan di bangku sekolahan. Lebih penting mana makan siang gratis dengan pendidikan anak untuk mencerdaskan generasi penerus?",N
Sayang rakyat masih banyak yang dibodohi sama elite2 dengan janji2 palsu!makan siang gratis ujung ujungnya dana bos disunat wkwk,N
"Dajjal nusantara memberi makan siang gratis, bukan pendidikan gratis!!",N
"Benar2 MEMALUKAN Bro MAKAN SIANG GRATIS Harga Cuma 15 rb aja,dgn Anggaran MEMOTONG DANA BOS Anak Sekolah byk jadi KORBAN. TERUSIR dari SEKOLAH Krn TAK SANGGUP BAYAR SPPÃ‚Â­ Mungkin disengaja biar byk yg Gak Sekolah,Biar BODOH Semua Supaya MUDAH DIKIBULI DIBOHONGI Bro",N
"Kalau soal program makan siang gratis pakai dana pendidikan maksud anda itu dana BOS. Tapi perlu diingat, dana BOS yg diusulkan adalah dana BOS afirmatif/spesifik. Tidak memakai dana BOS reguler yg peruntukannya utk membantu biaya pendidikan yg ditanggung orangtua peserta didik.",P
"Bang,,mgkn maksud mahasiswa pilih prog maksi krn sdh dpt beasiswa kuliah,dan klo dpt prog maksi kan lumayan,kuliah gratis makan siang gratis",P
Asumsinya liar bener wkwkwk. Gimana coba sampe Prabowo diganjar hukuman sampe bikin chaos. Dikira Prabowo megang kunci kedamaian wkwk.  Kalo main asumsi2 doang emang pantas kalo pendukung gemoy gampang disogok pake makan siang gratis.,N
Ya ampyuuuuunnnnn.....mikir pakai apa sih ni makhluk....yg ada apbn makin defisit gara2 makan siang gratis.....,N
JWB dgn JUJUR Bro Kalian Pilih PENDIDIKAN GRATIS Apa Pilih MAKAN SIANG GRATIS Bro? IRONIS nya ELITE SIBUK Promosikan MAKAN SIANG GRATIS Yg akan MEMOTONG DANA BOSÂ­ Tapi masih Banyak ANAK yg TERUSIR Sekolah krn TAK SANGGUP BAYAR SPP BroÂ­ Inilah EFEK Makan Siang GRATIS Bro,N
Kata siapa? Mana buktinya kalau program makan siang gratis mengurangi atau mencabut subsidi lain ataupun menaikan tarif pajak? Dapat informasi hoax dari mana Anda?,P
Wakakaka.. Padahal anak SMA/SMK banyak yang berharap dapet makan siang gratis ini..,P
Oh pantesan beras mahal. Orang mau makan siang gratis,N
"Pajak hiburan kontol, dipungut cuma buat masang baliho heru budi kontol sama makan siang gratis anjing",N
"Udah joget2 ok gas2 all in, habis tu sekarang panggil2 abah, tuh panggil yg kalian dukung mnta makan siang gratis dulu",N
udah mah kelaperan ga dapat makan siang gratis.. ehh kuliah putus gegara kjmu di cabut.. balik ke rumah aja udah.. nikmati pilihan mu.,N
Dih?  Emang program makan siang gratis keren? Kok ngatain internet gratis wkwk  Semoga juga ngga terealisasi sih program ga jelas makan siang gratis,N
"Makan siang gratis urusan emaknya dong, kan kewajiban ortunya. Sekolah gratis urusan negara dong kan pendidikan kewajiban negara",N
"Giliran untuk masyarakat aja penghematan, giliran untuk pejabat ok gas, lu liat itu program makan siang gratis, dananya dari potong sana sini, malahan ada wacana dari bos, eh pas IKN, HGU 180 tahun, tax holiday 30 tahun (bisa di perpanjang lagi , apa namanya itu bg pintar?",N
kasih aja makan siang gratis daripada diaksih kualitas pendidikan dan adab  pendukung 02 memang goblok,N
kasih aja makan siang gratis daripada ditingkatin kualitas pendidikan dan adab,N
kasih aja makan siang gratis 02 memang goblok!!,N
"Otak pendukung 02 emang konslet ye, karya seni bagus gitu dihubungkan dengan mesum, ga nyambung woy. Saking ngidam makan siang gratis... kasian dah.",N
Sementara pemilihnya cuma berharap Makan siang gratis,N
"02 janji makan siang gratis, menang....jadi pendukunynya punya semboyan hidup untuk makan, bukan makan untuk hidup.",N
gua mau dpt makan siang gratis,P
Makan siang gratis dong kaks,P
"Alhamdulillah dapet rejeki makan siang gratis, lumayan kn uang sangunya utuh hehehe  Kalian makan siang dengan apa ni, sebelum puasa, ada bm yang belum terpenuhi?",P
"Bisa tuh, dana bos dipakai untuk makan siang gratis, untuk operasional sekolah minta iuran dari siswa",N
"Bodo amat, yg penting makan siang gratis bisa dibungkus"" Katanya sih gitu""",N
calon penerima makan siang gratis (penjara),N
"kan nnti katanya makan siang gratis dg gizi yg cukup bakal diprogramin sama prbw, jd gausah khawatir ga sie",N
Rakyat butuh sembako murah...   Bukan makan siang gratis  !,N
"Sistem pendidikan di indo emang udah amburadul, sekelas mahasiswa aja lebih milih makan siang gratis daripada pendidikan gratis. Critical thinking-nya di mana?",N
"yahhhh isinya masih pada bela si makan siang gratis, pantesan pada gamau pendidikan gratis.",N
"Udah bener dikasih pendidikan gratis biar jadi TAU, malah milih makan siang gratis yang cuma jadi TAI. Mamam tuh TAI",N
internet gratis bagus. makan siang dan susu gratis juga bagus. jangan saling menegasikan.,P
"JanganÃ‚Â² program makan siang gratis. Memang sudah ngawur serampangan sejak ide dan perencanaannya. Bisa jd, didesain sedemikian rupa.  Sengaja dibuat, agar dapat kritik keras dari banyak pihak. Sehingga bisa jadi alasan untuk pembatalan program nantinya. Heuheu",N
Anak jenderal . Kalian cuman diperas pas dia butuh habis itu cuman dilepeh ke comberan kasian bener nih jamaah makan siang gratis,N
Satu negara digoblok-goblokkin sama program makan siang gratis ya Allah,N
jadi takut kalau kip tibatiba dicabut buat menuhin anggaran makan siang gratis.....,N
"Bagi yg perawakannya Gemoy biasanya pilih Program Makan Siang Gratis, dong?",N
"Pengen ketawa tapi kasihan ya...  Ada gagasan mau kasi pendidikan gratis ditolak. Gagasan makan siang n susu gratis diterima.  Sekarang, kalian ga bisa kuliah minta keadilan! Makanya pinter banyakin, jangan joget dibanyakan!",N
"Bukannya sekarang ini, apapun permasalahan yg dihadapi cuma perlu dijogetin aja ya? Trus lanjut cari makan siang gratisÂ­. Mungkin dengan begitu kelar masalahnya",N
memotong anggaran buat makan siang gratis,N
"Bacot min,nulis Wan Angin Luh udah lebih kasar min,itu rasis!!! Silahkan antri makan siang gratis,ngak usah mikir uang kuliahlaj,kan ada Bos Heru pendukung songemoy",N
Anak anak butuh pendidikan gratis bukan makan siang gratis,N
"Sayang anak2 kebanyakan di kasih asam sulfat jd ya pinter nya kebablasan dg memilih makan siang gratis, daripada sekolah dan kuliah gratis.",N
Makanya punya otak dipake jgn tolol SM dungunya kelewatan disuruh milih perubahan malah pilih makan siang gratis oke gas....oke gas jogetin aja all in...all in...wkwkwkw,N
makan siang gratis yang tidak gratis,N
"Ya karena lebih realistis makan siang gratis, dripda bkin 40 kota selevel jakarta (semrawutnya). Akwkwkw",P
Masih mending makan siang gratis meropide,P
Komentar paling konyol minggu ini. Pasti akibat ngarep makan siang gratis dan asam sulfat,N
Loh kemarin di kasih pendidikan gratis tp pada milih makan siang gratis ya gini kak,N
"makan siang gratis pake siomay tuh maksudnya gmn ya bjil? mau membodohkan masyarakatnya sendiri kah? tp oke makasih makasih, tp lg ga gt caranya ya, pak wowo.",N
"SARA kowe, bilang Provinsi Sumbar tolol. Kowe yg tolol bin dungu. Gak nyadar apa, bahkan Pak PS pun skrg pusing utk wujudkan program makan siang gratis nya. Bahkan dana BOS pun mau dilirik. Waktu kampanye mah yg penting bacot dulu, skrg puyeng. Trus, yg tolol bin guoblok sopo??",N
Mohon bersabar.. Karena sebentar lagi program Makan Siang Gratis yg kalian tunggu-tunggu akan segera dilaksanakan (walau harus nunggu 2029),N
"Yg penting pak gemoy menang, kita makan siang gratis selamanya joget dulu dong",P
Mahasiswa tololnya kelewatan dikasih pendidikan gratis malah milih makan siang gratis makanya tolol dan dungu jgn dipelihara banyak...,N
dikasih KJMU jg mahasiswa skrg pada begok karena mereka mirip ternak atau babi yg perlu adanya makan siang gratis jd mendingan gaOSAH,N
"makan siang gratis begini gw yakin kayak menu menu di pesantren, tahu tipes tempe tipe, tumis sayur layu kebayang sih. gak enaknya.",N
positif thinking aja mungkin pilih makan siang gratis karena biaya kuliah pendukung wowo sekarang bisa didapat dari live tik tok joget gemoy,N
"Seharusnya mahasiswa2   di cabut aja semua, ternyata ga guna di suruh kuliah biar pintar malah tolol ga ketulungan + ngehianatin syukurin , emang cocok modelÃ‚Â² kalian di kasih makan siang gratis ga usah kuliah Ã°Å¸Ëœâ€ Ã°Å¸â€™Æ’Ã°Å¸â€¢ÂºÃ°Å¸â€™Æ’Ã°Å¸â€¢ÂºÃ°Å¸â€™Æ’Ã¢Ëœâ€¢",N
"pajak motor lu buat makan siang gratis, ujung ujungnya dikorup buzzer goblok",N
"di sorry yeee gua ga pilih pelanggar ham yg bikin program ga jelas, yang milih mayoritas yang dikasih bansos kali! negara luar bikin makan siang gratis udeh sepaket ama spp mereka noh kayak di jepang ama korea",N
"Makan siang gratis, program pembodohan masyarakat, pasti akan terjadi korupsi besar-besaran dan dana apbn rugi",N
Nikmati aja dg pilihan elu. Kan pengen makan siang gratis,N
PKS Tolak Keras Penggunaan Dana BOS untuk Program Makan Siang Gratis,N
"Kemarin diajak milih pemimpin pintar diktain sok intelek"" malah milih makan siang gratis makan lu noh program pembodohan",N
Hanya orang cerdas yg memilih Bebas biaya pendidikan daripada Gratis makan siang.,N
Dananya untuk bansos dan makan siang gratis dasar dungu,N
Konten TikTok: 'Program makan siang gratis potensinya luar biasa buat pengusaha' #focus #bosmakangratis #news #text,P
"Lebih baik pendidikan gratis, tidak ada SPP dari pada anggarannya buat makan siang gratis, maka siang gratis mungkin bisa buat kenyang selama program itu berjalan, tapi pendidikan gratis dan akses pendidikan sampai ke masyarakat kelas manapun bisa buat individu hidup lebih layak.",N
"makan siang gratis itu program gak jelas. malah kemungkinan besar akan jadi ajang korupsi. nggak akan transparan. ambil bahan makanannya darimana, suppliernya dan vendornya siapa. jangankan makan siang gratis yg cakupannya nasional. catering pabrik atau resepsi aja bisa keracunan",N
"Makan siang gratis itu, jika hal-hal pokok dalam sistem pendidikan sdh stabil memenuhi standard pendidikan. Tuntaskan dulu permasalahan yg ada sprti putus sekolah dll. Semoga kita gak jadi dipimpin komplotan dgn cara-cara bodoh! #MakzulkanJokowi",N
"Katanya mau mensejahterakan guru, guru menolak pemangkasan dana BOS untuk makan siang gratis malah dibilang masa bayaran. Lalu Program beasiswa untuk keluarga tidak mampu di DKI juga dibatasi. Sejahtera sekali yaa guru honorer dan calon calon guru periode ini",N
"Makan siang gratis itu, jika hal-hal pokok dalam sistem pendidikan sdh stabil memenuhi standard pendidikan. Tuntaskan dulu permasalahan yg ada sprti putus sekolah dll. Semoga kita gak jadi dipimpin komplotan dgn cara-cara bodoh!",N
Peneliti CIPS Nilai Program Makan Siang Gratis Ancam Kualitas Pendidikan Nasional  #TempoBisnis,N
"Nah ini yang namanya ASBUN. Makan siang gratis dari APBN. Sedangkan KJMU dari APBD. Dari sumber pendanaan jelas beda.  Siapa bilang APBD itu dari APBN? Anda paham gak sumber APBD darimana dan sumber APBN darimana? Kalau lihat statement Anda, jelas Anda tidak paham.",P
Mau berharap apa lagi kalian?sama rezim model ginian? Makan siang siang gratis??,N
"Daripada makan siang gratis, mending buat fasilitas sekolah aja gaksi?",N
kalo saya sih lebih pilin kasih anggaran pendidikan biar anak bangsa lebih cerdas dalam mencari makan sendiri yg halal. daripada dikasih program makan siang gratis yg nilai gizinya patut dipertanyakan dan jadi ajang korupsi baru.,N
"Makan Siang gratis,duitnya Dr segala macam pajak yg dipungut Dr rakyat,pembodohan publik",N
"Kadang mreka gk paham ya, program jatah makan siang gratis dan susu di peruntukan ke siapa? Jadinya kyak gini Program itu d pelintir sama kubu lawan, seolahÃ‚Â² semua rakyat Indonesia d berikan makan siang gratis.. Ã°Å¸ËœÂ Mereka kecewa krn jagoan mreka kalah jadi gk dpat bensin gratis",P
"Mahasiswa  Dungu akut model begini, gak usah kuliah. Makan siang gratis sajalah gantinya.... Gak habis pikir, bodohnya nggak ketulungan. Assudahlahhh",N
"Ã°Å¸ËœÂ­ yg egois justru yang pilih makan siang gratis, karena yg dikorbanin dana BOS, dana sosial, subsidi BBM Ã°Å¸ËœÂ­",N
"Ã°Å¸ËœÂ­ yg egois justru yang pilih makan siang gratis, karena yg dikorbanin dana BOS, dana sosial, subsidi BBM Ã°Å¸ËœÂ­",N
Debat sama Org Tolol seperti anda dijelaskan Pake Data ttp ajah tolol memang Otak anda itu cuma Makan siang gratis dan Joget dasar tolol,N
"6jt perbulan malah lebih banyak anggaran dari pada makan siang gratis, gua suruh aja kali nyokap gua hamil lagi kan lumayan Ã°Å¸Ëœâ€š. pada sok iye emang pendukungnya disini, mereka sok paling pinter gara2 pendukungnya banyak di twit, padahal di aplikasi lain ya nihil.",N
Yang ngarep makan siang gratis otak nya kudu di cuci bang.  Kurang cerdas.  Ya kaya junjungan nya da. Untung aku ga ikutan 02. Amit2 .  Lihat video roh sang legenda! #TikTok,N
Sebetulnya ini salah satu bukti klo solusi stunting bukan makan siang gratis,N
Cara berpikir mereka belum sampai sih. Jadi sudah betul cukup dikasih makan siang gratis saja. Tidak pantas dikasih akses pendidikan yang layak.,N
"Dikasih pilihan Pendidikan gratis tpi, malah milih makan siang gratis si. Syukurin ae...  Terima kenyataan.",N
"Doain yg baik baik anjir. Prabowo dipilih sama mayoritas rakyat Indonesia, gausah doain yg jelek2. Masih aja nyinyirin soal makan siang gratis ketika negara2 maju diluar sana udh nerapin sistem ini dari lama.",P
"Semoga disaat awal harus dilakukan penyesuaian, nanti setelah dilakukan hilirisasi disemua bidang (katanya begitu), semua berharap ada pendidikan gratis, seperti makan siang gratis, tapi jangan sampai pendidikan gratisnya terbatas seperti makan pagi dan makan malam tidak gratis",P
Tenang ada makan siang gratis,P
Kelakuan ugal2an rezim ini sdh kelewatan..tp herannya ada juga masy yg mengamini Nya.. Mental kere hanya pengen makan siang gratis. Pdhl semua hal di negeri ini harga2 naik tdk terkendali.,N
"Die korban makan siang gratis, tapi sekolah anak Nye tetep bayar, gitu dah jadi Nye",N
"yang penting makan siang gratis pak, makan lebih butuh drpd pendidikan.",P
"Org klo susah emang gampang dibodohin, ini buktinya sm sebagian yg mau dibodohin pake makan siang &amp  susu gratis",N
Pantas indonesia dijajah 450 th oleh belanda krn rakyat kita msh miskin dan bodoh hy di imingi makan siang gratis sdh pd senang walau antrinya melebihi rasa laparnya,N
"Dari situ kita tau makan siang gratis gk nyelesaiin apa kocak, tolol dipelihara ih",N
"Ini serius program makan siang gratis mau pakai dana BOS?   Demi, ngga paham lagi.",N
"Makan siang gratis mulu yang dibanggakan, rancangan programnya aja masih mentah. Sampe buka loker noh bagian researcher &amp  consultantÃ°Å¸â€”Â¿",N
"Gimana misal begini  Bantuan negara fokus untuk masyarakat yang tidak mampu mengingat APBN belum pernah surplus Trus, anggaran se jumbo itu DIFOKUSKAN ke  pertanian, pendidikan, kesehatan dan permodalan masyarakat kecil.  Apalah arti makan siang gratis kalo harga pangan mahal?",N
makan doang di pikirin pendidikan banyak kan ga bisa sekolah kerja juga g pke ordal mana bisa malah makan siang gratis huhu sing penting bahan pokok jgn di naikin,N
"Ini adalah kemunduran dari upaya pemerintah mencerdaskan bangsa. KJMU yg  jelas lebih baik dari sekedar makan siang gratis,bukannya dibuat skala nasional, Yg ada dan sudah berjalan malah dipangkas ! 18 jt setaun, 19000 penerima. Gosah meratap, Pait ya telen aj.. Pilihanmu",N
WKAKAKSKSKEOSOSOSOWOSOEKSKWKWWKAKKWOWKA MAKAN NOH MAKAN SIANG GRATIS,N
"Mgkn itu bukan berkah, tp balas jasa. Tdk ada makan siang yg gratis. Mustahil Jkw mau berbuat baik bgt kalau tdk ada timbal baliknya. Kerja dl buat dia baru dia beri imbalan""...""",N
Anggarannya untuk makan siang gratis. Kalian kan mendukung pengusung program itu. Tidak mendukung pengusung program pendidikan gratis. Ya silahkan dinikmati...,N
"Mending makan siang gratis lah. Iso mengurangi budget makan harian. Ga ngaruh, tetep all in oke gas oke gas.",P
"Menyesal kemudian tidak sekolah/kuliah, mamam tuh makan siang gratis",N
"Ngomong opo to cuk2, emang ongkir dari dulu kek gerombolan mu yg dipikirin materi untung rugi,,makanya emang lho milih makan siang gratis lha wong org susah",N
Ngisi perut ternyata lebih penting daripada ngisi otak.. selamat menantikan makan siang gratis..,N
"YANG PENTING KAN GEMOY, OKE GAS OKE GAS, ALL IN ALL IN, MAKAN SIANG GRATIS, TIDUR DIEMPERAN, TUNGGU MAKAN SIANG GRATIS AJA SEUMUR HIDUP..  DIKASIH TAU MALAH MILIH TAI",N
Cussss lu pindah ke negara penghalal babi...nyinyir aja bisanya ...cari makan aja focus sana..masih nungguin makan siang gratis ???,N
Rakyat butuh lapangan kerja bukan Makan siang gratis.. Sorry Yee,N
"Bener,negara butuh lap kerja,bukan makan siang gratis",N
"Gaji guru gimana? Peningkatan Fasilitas sekolah gimana? Buku sekolah gimana? Gimana liat prioritas aja mbak, di NZ salah satu negara dengan early education terbaik ga ada makan siang gratis btw",N
Warga butuh makan siang gratis.... dan itu solusi untuk semua persoalan,P
"Yg egois itu, tidak semua anak dan bumil butuh makan siang + susu gratis. Tapi di generalisir menjadi proyek raksasa dengan anggaran fantastik. Yang duitnya masih bingung ambil dari mana. Dan potensi defisit anggaran negara yg berakibat buruk kepada segenap rakyat Indonesia.",N
Prabowo kayaknya bakal strok krn janji makan siang gratis gak bakal terwujud (mustahil),N
"nahkan belom jabat resmi presiden aja uda kena dampaknya. suruh siapa dikasih pendidikan gratis malah pilih makan siang gratis yang hanya"" diperuntukan buat anak sekolah, ibu hamil. padahal pendidikan gratis dampaknya semua kena, sd-kuliah. mamam tuh 02",N
"Ini dia yg diharapkan dari generasi  makan siang gratis"".  Belajar kagak, koplo jalan terooosss... Ayo gassss...!!!",N
"Programnya Bagus, tp skala prioritasnya belum saat ini. Yg paling utama adalah, sediakan dulu sarana pendidikan n kesehatan yg mumpuni buat masyarakat. Kasi pekerjaan n upah yg layak bagi masyarakat, jika itu SDH terpenuhi, bahkan makan siang gratis itu ga di butuhin,..",P
"Nyatanya berpuluh2 tahun ini baik2 saja tanpa makan siang susu gratis.   Gpp klo program maksi ada, tp dananya ada. kan masalahnya itu harus mengorbankan sesuatu yg lain lebih besar dampaknya, Itu justru lbh egois. Kebalik konsepnya.",N
Sayangnya banyak mahasiswa dungu yang pilih makan siang gratis dan joget joget,N
1 keluarga 1 Sarjana Udah bagus programnya begitu Malah pilih Makan siang gratis.... Haduh rendahnya Pola pikir anak muda sekarang.,N
"Duidnya mo dipake buat program makan siang gratis, ntar lagi kartu2 yg laen bakal disikat juga awokwikwik",N
"Anak anak di papua makanannya udah sehat. Kasbi atau sagu untuk karbo, sayur banyak, protein dari rusa, buah buahan banyak.   Ya kurang susu aja. Asal bukan susu kemasan yang gulanya terlalu tinggi itu.  Anggaran makan siang gratis 15ribu di papua juga dapet apa",N
Otak dan fikiran tidak ada ngaruhnya dari makan siang gratis dazal.yg dibutuhkan itu gizinya .kalo makan siang gratis asal asaln tidak bergizi buat a pa kamu yakin makan siang itu akan tepat,N
02 memang oon ya... program makan siang itu tidak begitu urgent.. PENDIDIKAN GRATIS BARU MANTAP...,N
"Dan 58% penduduk indonesia pingin indonesia lanjut dengan pemerintahan yg cuma pingin bagi bagi jabatan dengan program makan siang gratis dan joget gemoy dan wakpres yg lahir dari pelanggaran etika ,mau indonesia emas? emas dalam kerusakan moral dan etika mungkin?",N
Nah berarti makan siang gratis bukanlah solusi yg tepat kan wkwk,N
Dikasih pendidikan gratis malah pilih makan siang gratis. Rasakan bedanya,N
Potong gaji pejabat...buat makan siang gratis.  Baru ok gassss,P
YANG PENTING MAKAN SIANG GRATIS LAHHH,P
astaga mba. ini aja baru program makan siang gratis aja pada bingung orang2 itu gimana teknisnya. lahh apalagi program lain . yuk bisa logikanya di pke,N
Lah yg penting bisa makan siang gratis..,P
"Program makan siang +susu gratis dananya ambil dari BOS, itu bukan kemajuan pendidikan malah menghancurkan pendidikan. Saya yakin semua tenaga pengajar tidak setuju itu",N
"mending dapat pendidikan gratis, daripada makan siang gratis yang menunya ada asam sulfat.",N
"Kalau Makan Siang Gratis pakai Dana Bansos, terus kelangsungan pendidikan sekolah anak anak bagaimana ? Janji makan siang gratis tapi pakai Bansos sama juga boong. Menjanjikan yang satu dengan mengurangi jatah pada bagian lainnya. Baru sadar kalo Negara ini lagi kekurangan duit??",N
"Tuh kan, emang makan siang gratis itu, program jelek nan sampah, ayo itu yg pd kntl ngomong itu program udah pada riset, riset dari Zimbabwe lol, sampai bikin loker segala, ya artinya ini program goblok, belum ada riset dan perencanaannya sama sekali, mana yg dicari",N
"Padahal makan siang gratis ya buat makan ditempat, ya kalau dibawa pulang apa bedanya sama acara syukuran atau berkatan, emang program tolol, sampah ini, mengatasi masalah perbaikan gizi, stunting dll itu bukan dgn makan gratis dongo",N
"Katanya pilih yg banyak kerja tapi nggak banyak omong. Lah, gimana mau kerja kalau nggak bisa ngomong yg ada malah bikin kebijakan serampangan.. nggak masuk sih di otak mereka. Makan siang gratis aja sampai skrg konsepnya nggak jelas padahal selalu jadi highlight tiap pidato.",N
"Apa yg TDK bisa diatur di negeri kita, sekor sepak bola bisa diatur, tuntutan hukum bisa diatur, pemilu bisa diatur, ada yg baru dana bos mau di otak atik untuk makan siang gratis jika dana bos disalurkan ke makan siang gratis, berarti sama dgn melestarikan kebodohan!",N
masih tidak paham kenapa program yang sangat tidak guna yaitu makan siang gratis justru dibahas dengan amat serius?!! i mean presiden nya saja belum ganti lohhh?,N
"Lah gw idup pake duit tolol ,klo ga ada duit mana BS idup , lah elu ? ?  Nunggu makan siang gratis wkwkwkwk",N
"Kl lu sebegitu gilanya sama validasi siapa yg gagas kebijakan apa dibanding tu kebijakan dijalankan dan kasih manfaat atau g ke rakyat apalagi lu pendukung 02, Gw bakal tunggu gmn lu muja2 kebijakan idol lu 5 thun kedepan. Gw tunggu lu muji2 kebijakan makan siang gratis.",N
"Pilih mana? Sekolah gratis Atau makan siang gratis di sekolah  Pendidikan dasar gratis sampai skrg blm terwujud jika dibarengi makan gratis, pendidikan dasar gratis makin sulit terwujud krn biaya makan gratis jauh lbh besar dari sekolah gratis  Saya ajak anda ke alam rasional",N
"Balikin aja gw masih bisa cari makan sendiri jadi gw ga keberatan kalo program makan siang gratis ga usah ada""  logika kagak jalan, hati udah mati, ya begini ini. Kemarin cari suara buat program maksi pake narasi kasihan saudara-saudara kita banyak yg kesulitan makan. Lucu""",N
"Enak yah mentang2 kalian udah banyak duit hasil ngerampog kekayaan alam negri ini lalu rakyat cuma di kasih makan siang gratis ,...Lo mau jadiin rakyat itu pengemis,kacung gitu,...tolol Lo rampog",N
"ini alasan kenapa gue gak setuju dengan program makan siang gratis wkwkwk, melihat dari manjemen anggarannya yang rawan dimakan orang lain.",N
Gk kebayang tahun depan.  Ketika program makan siang gratis diadakan.  Habis makan siang ada yg diusir pulang karena blm bayar uang sumbangan,N
"Bayangkan, dgn kondisi sprt ini justru dana BOS nya dikurangi untk makan siang gratis. Anak pun gak bisa sekolah, otomatis makan siang pun tidak lg dia didapatkan. Yang tadinya dana itu bermanfaat agar siswa menjadi tahu, tetapi untuk jadi tai pun gak bisa lg.",N
Di suruh pilih PERUBAHAN malah ngikut joged ga jelas...   Di kasih program yg JELAS malah ngikut ambil sembako ga seberapa...   Di kasih PENDIDIKAN gratis malah ngikut pilih makan siang gratis...   Harusnya pintar karena jadi TAU malah pilih makan jadi TAI,N
"Smakin bedengung saja kepala ini diteplak setiap kalinya.. Soalan Sosialisasi KKN dr ulu ke hilir_isasi"".  Dan masyarakat kebanyakan pun TERGODA utk memilih Makan Siang Gratis drpd PENDIDIKAN GRATIS !!.  ..tuiiingg.. Ã°Å¸ËœÂµÃ¢â‚¬ÂÃ°Å¸â€™Â«Ã°Å¸â€Â¨Ã°Å¸â€Â¨""",N
"Mamam tu, makan  siang gratis, dikasih emas pilih tembaga..",N
Inilah contoh dr kemiskinan dan kebodohan yg dipelihara dan dijadikan alat para politikus kotor. Program makan siang gratis mereka ini ga akan kebagian krn ga sekolah. Coba kalo programnya Pendidikan Gratis semua anak bisa mendapatkannya.,N
"Stunting itu cakupannya udh bukan karna kelaparan lagi, lebih baik pahami dulu apa itu stunting. Penyebab stunting bisa sedari ibu masih hamil, cara mengatasinya juga harusnya sedari balita sebelum usia 3 tahun, konsepan makan siang gratis ini bukan untuk mengatasi stunting.",N
Makan tuh kebegoan lu. Status mahasiswa otak sengklek. Makan siang gratis jadi tai,N
makan tuh makan siang gratis,N
"Dari pada makan siang gratis, gimana kalo dikasih pendanaan buat anak'' biar bisa membentuk karakter yang lebih baik dan buat sekolah tanpa adanya deskriminasi dari segala aspek, makan siang juga penting tapi adab dan etika juga ga kalah penting kok. NO OFFENSE JUST OPINION",N
"Tenang ibu ibu,pendidikan gratis anak kalian akan di ganti sama makan siang gratis. Terus bodoh jangan pintar yah.",N
"Bangga dengan program makan siang gratis? Buat apa makan siang gratis kalau masih banyak anak yg lebih butuh sekolah gratis""",N
Lebih percuma lagi dapat makan siang gratis tapi di do dari sekolah,N
"Jika benar di gunakan makan siang gratis anak2 masa mendatang akan hancur lebur masa depan mereka, karna banyak anak2 yg gak mampu cerdas2,paham",N
"Kata-kata penyemangat buat kalian Gen T. Telan tuh makan siang gratis"" yg bikin taik.. uhhuyy.""",N
"Gw malah mikir bokapmu gk ada empati. Terlepas dari isu bener atau tidaknya penarikan kjmu untuk makan siang gratis, tapi kan gk semua orang milih maksi gratis. Dan sekarang yg disalahkan mahasiswanya? Like?",N
"mamam tu gemoy, udh dikasih pendidikan gratis biar TAU, malah milih makan siang gratis yang akan jdi TAI",N
"Eleh lu paling tukang minta makan siang gratis ama bansos, tapi kelas VIP yang bisa mencetak emas lewat makan, emas ngambang",N
"Jika Dana BOS untuk Makan Siang Gratis, Siswa Putus Sekolah Bisa Bertambah. Termasuk kualitas mutu pendidikan akan menurun karena akan sangat besar dana BOS digunakan untuk program makan siang gratisÃ¢â‚¬Â",N
Simulasi Makan Siang Gratis Tuai Pujian dari Pelajar SMPN 1 Darul Imarah,P
"Dana makan siang gratis segede itu bisa ga sih buat ningkatin pendidikan anak indonesia aja, sumpah pengen nangis liatnya. khawatir banget bngst adek gua juga masih sd, takut disekolahnya ternyata ada kaya gini",N
Sek ta anggaran darimana woi. Janji janji Mulu. Tuntaskan dulu makan siang gratis,N
"Terus setelah PS menang apa yg lu dapet, diboongin makan siang gratis? Udah jelas2 diboongin aja masih ngegas jadi yg goblok siapa ?",N
Oke gas oke gassss all an all in begitu keinginannya dikabulkan untuk makan siang gratis dan dputusnya pendidikan gratis kenapa pada mewwek?? Jangan rakus lah kan udah di kasih pilihan,N
"kan pendukung 02 gada yg peduli sama pendidikan, yg penting dapet makan siang gratis",N
"Makan siang gratis itu amburadul. Entah pembagian nya setiap hari kah, satu Minggu sekali kah, satu bulan sekali kah, satu tahun sekali kah.",N
"Ya ngapain ditolongin , itu kan udah jadi pilihan mereka, mending makan siang gratis daripada pendidikan gratis, begitu langsung dikabulkan junjungannya meski blm dilantik pun, kenapa malah pendukungnya teriak ke abah?? Gak lucu banget kelakuane",N
"Tipe Mahasiswa Gemblung,,, dikasih TAU ( Pendidikan gratis ) malah Pilih TAI ( Makan Siang gratis ).,Jogetin aja.",N
"Kalau negara mau maju  memang sektor pendidikan warga negaranya yg harus jadi perhatian. Sulit diharapkan orang akan sukses  dengan memberi dia  makan siang  gratis, tapi akan banyak warga negara akan sukses dengan memberikan kepadanya pendidikan gratis",N
"Makan siang gratis kata  tiap proyek pemerintah dapat fee 5- 15% itu lazimmmm.....hancur negara ini , sehancur hancurnya.",N
Ya Allah semoga ada putaran kedua. Agar teman2 yg tadi milih krn ikut rame tanpa berpikir rasional bisa mengubah haluannya. Kasian adik2 mahasiswa yg kehilangan masa depan demi makan siang gratis. Padahal tdk semua anak bangsa dapat dgn mudah menikmati pendidikan. Ã°Å¸Â¥Â²,N
"Mari kita belajar berempati terhadap kesulitan rakyat yang sengaja dibodohkan rezim, tidak diberdayakan dan cukup diberi bansos serta makan siang gratis nekat hasil cetak uang sendiri sehingga harga naik semua, agar tergantung kepada Rezim Jokowi penyembah berhala Tuhan cawetan.",N
"Termasuk program Bpjs buat tukang sapu jalanan, itu juga program Pak Ahok, dilanjutkan masa Pak Anis, namun sayang tidak semua rakyat tau itu.. framing gemoy dan makan siang gratis lebih banyak disukai daripada gaungan suara Perubahan.. Miris sekalii Ã°Å¸Â«Â¡Ã°Å¸Â«Â¡",N
Tidak ada makan siang yg GRATIS... Catat itu,N
"klen aja gak peduli sama masa depan bangsa ini. Ngapain org lain harus peduli sama klen. Ada yg nawarin pendidikan gratis, klen tolak klen hina2, klen lbh milih makan siang gratis. Syukurin! Skrg joget2 aja sono, oke gas...oke gas...",N
"Saya pikir tagline yang digaungkan orang cerdas pilih Anies"" itu sesuai fakta. Ternyata setelah melihat cuitan , ekspetasi saya terlalu tinggi. Pemilih Anies gak secerdas yang dibayangkan. Menyangkut pautkan KJMU dengan program makan siang gratis Prabowo-Gibran",P
"Korelasinya apa ya? Program KJMU itu wewenang Pemprov DKI. Kenapa malah disangkut pautin sama program makan siang gratis? KJMU itu pakai APBD Jakarta bukan pakai APBN. Aduh pendukung sebelah ini suka geser substansi. Kasih tahu bokapnya, bego boleh tapi jangan ditunjukin ke orang",P
Wkwkwkw bravo KPK udah jadiin tersangka si firli.. Makan tuh bravo lu kaum makan siang gratis,N
"Pinginnya makan siang gratis , begitu kuliah gratis di cabut , nangis ngadu,  mewek...",N
"Pinginnya makan siang gratis , begitu kuliah gratis di cabut , nangis ngadu,  mewek...",N
Makan siang gratis itu ide cerdas untuk mengajak pemilih tidak cerdas memilih. Dana dari mana mereka gak akan bisa berpikir sejauh itu. #DunguBerjamaah,N
wkwkwk biar mampus tuh para genZ tolol penyembah makan siang gratis,N
"Masih jadi Gubernur aja sdh begini , bgm nanti kalau jadi Presiden? Pst Indonesia akan banyak mencetak generasi muda yg cerdas dn bernilai jual tinggi. Pendidikan seharusnya lbh Prioritas dr sekedar makan siang Gratis.",N
Menang curang bangga yaa....tapi tumben bisa berfikir rasional...butuh makan siang gratis gaa butuh pendidikan gratis...hahay,N
"Biarin aja brow, mahasiswa2 pekok dikasih pendidikan gratis kaga mau, maunya makan siang gratis padahal pepatah tua mengatakan TIDAK ADA MAKAN SIANG GRATIS""Ã°Å¸ËœÅ½""",N
rAkYAt buTUh LapANgAN KeRJa bUKan MakAn sIAng GRAtiS,N
"Apa? Aset bangsa? Gk salah tuh? bocah2 tolol yang terkontaminasi virus tiktok, dijadikan aset negara,apa gk tambah hancur ini negara,dikasih pendidikan gratis,malah milih makan siang gratis (itu pun bukan buat mahasiswa Ã°Å¸Ëœâ€š) jadi mahasiswa pun,nanti lulusnya jalur nangis pas ujian",N
Di ajak milih mantan guru yg tau seluk beluk masalah pendidikan malah joged joged sambil berhalu dpt makan siang gratis....nasi udah menjadi bubur nikmati saja,N
"Jeget lagi lah, gpp putus kuliah yg penting makan siang gratis",N
"Jangan belajar nanti kritis, jangan kuliah karena pendidikan mahal, nurut saja asal bisa dapat makan siang gratis, asal masih bisa antri beras murah, asal bisa dapat bansos. tenang penguasa yg atur, rakyat diam tinggal menikmati.",N
"Rasain tuh mahasiswa... makan siang gratis aja lu, ga usah kuliah",N
Kan konsepnya untuk perbaikan gizi bukan hanya makan siang gratis,P
Komisi X: Lebih Baik Bicara Soal Tingkatkan Beasiswa daripada Makan Siang Gratis,N
Walaupun kalian putus kuliah tetep bisa makan kan? Walaupun cuma seadanya.  Yg kalian pilih kan makan siang gratis drpd pendidikan gratis,N
Kasian banget cuma bisa banggain makan siang gratis,N
Pak Anies udah ga punya wewenang....kan kebanyakan rakyat minta makan siang gratis bukanya sekolah gratis....ok gas...ok gas.... makan tuh all in,N
"Kagak sadar, krn otak mrk isinya joget2 muluk sm nyari makan siang gratis.. giliran suruh bayar kuliah teriaknya Abah  .. ngelawak, lopade joget aja dah joget giihh sana",N
Gak usah kuliah yg penting dapat makan siang gratis ajalah kalian. Sarapan sama makan malamnya indomie saja ya yg murah.,N
Ada yang bilang makan tuh KARMA INSTAN. Yang putus kuliah segera nikah dan ngantri makan siang dan susu gratis dan minta asam folat bukan asam sulfat ya  Muda2han bansosnya nggak  dicabut.,N
Yang setuju cuma pasti melihat kedepan bukan ke makan siang gratis,P
Gilaaaa. Gede jg ya.. Siapa suruh pilih makan siang gratis wkwkw,N
"Nah bnr, giliran pendidikan gratis dicabut, nangis2, kelabakan.. Makan tuh makan siang 2029",N
hilirisasi? makan siang gratis? sorry ye? cabut saja izinnya?,N
"Nasibmu anak anak bangsa.. Makan siang Gratis belum terlaksana, beasiswa milikmu sdh dicabut...",N
"Sy setuju dg PJ Heru,. Supaya lebih hemat anggaran. Kan sdh ada makan siang gratis, mereka sendiri yg punya pilihan. Berapa % tu penghematannya. Di jogetin aj cukup kok..OK gass Ok gass..",P
"Pada permasalahin ttg dari mana nanti uang untuk program makan siang gratis, kebetulan aja yg jadi 02, klupun yg jadi 01/03 juga kejadiannya akan sama, akan ditanyain dari mana uangnya, 03 yg bakal ditanya dr mn uang untuk bayar internet/gmn nasip yg gk pny hp",P
Wakwawa lebih memilih makan siang &amp  susu gratis daripada kuliah gratis....,N
Mkn siang gratis yg bayar siapa? Klo progranya saja dari 02 ttp anggarannya uang rakyat dari apbn itu sih bukan makan gratis. Sama seperti bansos yg dibilang dari pa jokowi oleh seorg menteri dagangÃ°Å¸â„¢Ë†Ã°Å¸â„¢Ë†Ã°Å¸â„¢Ë†,N
"Ayo yg penting oke gas oke gas, solusi pendidikan makan siang gratis",N
"Rakyat perlu pendidikan gratis, buat bekal bekerja. Bukan makan siang gratis yang dananya diambil dari dana pendidikan.  #DukungHakAngketDPR  jangan takut dan jangan ragu",N
Mamam noh makan siang gratis,N
"Boro2 jadi relawan kak, kebanyakan malah dukung 02...karena mungkin mereka nyangka program kjmu ini nggak bakal diotak-atik..makanya milih 02...biar pendidikan gratis dan makan siang gratis.... padahal ada pepatah Tidak ada makan siang yang gratis"".""",N
apa aja asal bkn dri program makan siang gratis,N
"Wowok itu pandai belajar. 2x nyapres kalah karena rakyatnya dia ancam dengan ramalan Indonesia bubar di 2030.  Begitu dia rayu rakyat dengan makan siang gratis plus bansos 20kg beras, rakyat berbondong2 tusuk Wowok. Setelah ditusuk, harga beras melambung. Rakyat kini mencret.",N
Wkwkwkkwwk mamam tu makan siang gratis yg belom jelas progjanye,N
Bohong mulu... 10.tahun sudah menjabat lapangan kerja juga buat china. Di Hak angket lapangan kerja agar bisa tersedia tdk nipu rakayatnya dengan janji palsu.  Makan siang gratis ternyata pakai dana Boss. Anjirr,N
Makan Siang Gratis di negara Jepang  Negeri pencetak ilmuwan2 Dunia,P
"nikmatin aja tuh makan siang gratis nya, sampe mencret",N
"Yang penting makan siang gratis, pendidikan nomor sekian",N
"kayanya, ga liat apa setelan muka sobat misqueen nunggu makan siang gratis  gini?",N
